date,water_level,is_interpolated
1/4/2015,37.11,FALSE
1/5/2015,37.11,FALSE
1/6/2015,37.11,FALSE
1/7/2015,37.109375,TRUE
1/8/2015,37.10875,TRUE
1/9/2015,37.108125,TRUE
1/10/2015,37.1075,TRUE
1/11/2015,37.106875,TRUE
1/12/2015,37.10625,TRUE
1/13/2015,37.105625,TRUE
1/14/2015,,TRUE
1/15/2015,,TRUE
1/16/2015,,TRUE
1/17/2015,,TRUE
1/18/2015,,TRUE
1/19/2015,,TRUE
1/20/2015,,TRUE
1/21/2015,,TRUE
1/22/2015,37.1,FALSE
1/23/2015,37.11,FALSE
1/24/2015,37.11,FALSE
1/25/2015,37.1,FALSE
1/26/2015,37.1,TRUE
1/27/2015,37.1,TRUE
1/28/2015,37.1,FALSE
1/29/2015,37.1,TRUE
1/30/2015,37.1,TRUE
1/31/2015,37.1,TRUE
2/1/2015,37.1,FALSE
2/2/2015,37.1,TRUE
2/3/2015,37.1,TRUE
2/4/2015,37.1,FALSE
2/5/2015,37.10166667,TRUE
2/6/2015,37.10333333,TRUE
2/7/2015,37.105,TRUE
2/8/2015,37.10666667,TRUE
2/9/2015,37.10833333,TRUE
2/10/2015,37.11,FALSE
2/11/2015,37.12,FALSE
2/12/2015,37.11,FALSE
2/13/2015,37.1,FALSE
2/14/2015,37.1,TRUE
2/15/2015,37.1,TRUE
2/16/2015,37.1,TRUE
2/17/2015,37.1,FALSE
2/18/2015,37.11,FALSE
2/19/2015,37.11714286,TRUE
2/20/2015,37.12428571,TRUE
2/21/2015,37.13142857,TRUE
2/22/2015,37.13857143,TRUE
2/23/2015,37.14571429,TRUE
2/24/2015,37.15285714,TRUE
2/25/2015,37.16,FALSE
2/26/2015,37.13,FALSE
2/27/2015,37.115,TRUE
2/28/2015,37.1,FALSE
3/1/2015,37.16,FALSE
3/2/2015,37.13,FALSE
3/3/2015,37.16,FALSE
3/4/2015,37.19,FALSE
3/5/2015,37.21,FALSE
3/6/2015,37.2,FALSE
3/7/2015,37.17,FALSE
3/8/2015,37.17,FALSE
3/9/2015,37.17,FALSE
3/10/2015,37.17,FALSE
3/11/2015,37.18,FALSE
3/12/2015,37.22,FALSE
3/13/2015,37.21,FALSE
3/14/2015,37.2,FALSE
3/15/2015,37.19,FALSE
3/16/2015,37.18,FALSE
3/17/2015,37.18,FALSE
3/18/2015,37.19,FALSE
3/19/2015,37.21,FALSE
3/20/2015,37.2,FALSE
3/21/2015,37.2,FALSE
3/22/2015,37.2,FALSE
3/23/2015,37.21,FALSE
3/24/2015,37.22,FALSE
3/25/2015,37.24,FALSE
3/26/2015,37.24,FALSE
3/27/2015,37.22,FALSE
3/28/2015,37.22,FALSE
3/29/2015,37.22,FALSE
3/30/2015,37.21,FALSE
3/31/2015,37.19,FALSE
4/1/2015,37.21,FALSE
4/2/2015,37.23,FALSE
4/3/2015,37.24,FALSE
4/4/2015,37.2,FALSE
4/5/2015,37.17,FALSE
4/6/2015,37.2,FALSE
4/7/2015,37.19,FALSE
4/8/2015,37.21,FALSE
4/9/2015,37.22,FALSE
4/10/2015,37.218,TRUE
4/11/2015,37.216,TRUE
4/12/2015,37.214,TRUE
4/13/2015,37.212,TRUE
4/14/2015,37.21,FALSE
4/15/2015,37.24,FALSE
4/16/2015,37.23,FALSE
4/17/2015,37.23,FALSE
4/18/2015,37.22,FALSE
4/19/2015,37.22,FALSE
4/20/2015,37.2,FALSE
4/21/2015,37.19,FALSE
4/22/2015,37.2,FALSE
4/23/2015,37.2,FALSE
4/24/2015,37.2,FALSE
4/25/2015,37.2,FALSE
4/26/2015,37.25,FALSE
4/27/2015,37.25,FALSE
4/28/2015,37.23,FALSE
4/29/2015,37.22,FALSE
4/30/2015,37.23,FALSE
5/1/2015,37.22,FALSE
5/2/2015,37.21,FALSE
5/3/2015,37.22,FALSE
5/4/2015,37.23,FALSE
5/5/2015,37.22,FALSE
5/6/2015,37.21,FALSE
5/7/2015,37.21,FALSE
5/8/2015,37.22,FALSE
5/9/2015,37.24,FALSE
5/10/2015,37.25,FALSE
5/11/2015,37.23,FALSE
5/12/2015,37.21,FALSE
5/13/2015,37.23,FALSE
5/14/2015,37.22,FALSE
5/15/2015,37.23,FALSE
5/16/2015,37.26,FALSE
5/17/2015,37.27,FALSE
5/18/2015,37.26,FALSE
5/19/2015,37.25,FALSE
5/20/2015,37.25,FALSE
5/21/2015,37.25,FALSE
5/22/2015,37.25,FALSE
5/23/2015,37.26,FALSE
5/24/2015,37.26,FALSE
5/25/2015,37.27,FALSE
5/26/2015,37.27,FALSE
5/27/2015,37.28,FALSE
5/28/2015,37.29,FALSE
5/29/2015,37.29,FALSE
5/30/2015,37.28,FALSE
5/31/2015,37.27,FALSE
6/1/2015,37.27,FALSE
6/2/2015,37.28,FALSE
6/3/2015,37.27,FALSE
6/4/2015,37.27,FALSE
6/5/2015,37.3,FALSE
6/6/2015,37.3,FALSE
6/7/2015,37.31,FALSE
6/8/2015,37.31,FALSE
6/9/2015,37.29,FALSE
6/10/2015,37.27,FALSE
6/11/2015,37.29,FALSE
6/12/2015,37.3,FALSE
6/13/2015,37.29,FALSE
6/14/2015,37.29,FALSE
6/15/2015,37.31,FALSE
6/16/2015,37.32,FALSE
6/17/2015,37.32,FALSE
6/18/2015,37.32,FALSE
6/19/2015,37.32,FALSE
6/20/2015,37.32,FALSE
6/21/2015,37.31,FALSE
6/22/2015,37.33,FALSE
6/23/2015,37.32,FALSE
6/24/2015,37.32,FALSE
6/25/2015,37.33,FALSE
6/26/2015,37.33,FALSE
6/27/2015,37.33,FALSE
6/28/2015,37.32,FALSE
6/29/2015,37.32,FALSE
6/30/2015,37.32,FALSE
7/1/2015,37.32,FALSE
7/2/2015,37.31,FALSE
7/3/2015,37.3,FALSE
7/4/2015,37.3,FALSE
7/5/2015,37.31,FALSE
7/6/2015,37.31,FALSE
7/7/2015,37.31,FALSE
7/8/2015,37.29,FALSE
7/9/2015,37.29,FALSE
7/10/2015,37.3,FALSE
7/11/2015,37.31,FALSE
7/12/2015,37.31,FALSE
7/13/2015,37.3,FALSE
7/14/2015,37.29,FALSE
7/15/2015,37.3,FALSE
7/16/2015,37.3,FALSE
7/17/2015,37.3,FALSE
7/18/2015,37.31,FALSE
7/19/2015,37.32,FALSE
7/20/2015,37.3,FALSE
7/21/2015,37.28,FALSE
7/22/2015,37.28,FALSE
7/23/2015,37.28,FALSE
7/24/2015,37.3,FALSE
7/25/2015,37.28,FALSE
7/26/2015,37.25,FALSE
7/27/2015,37.26,FALSE
7/28/2015,37.28,FALSE
7/29/2015,37.28,FALSE
7/30/2015,37.27,FALSE
7/31/2015,37.26,FALSE
8/1/2015,37.24,FALSE
8/2/2015,37.22,FALSE
8/3/2015,37.22,FALSE
8/4/2015,37.22,FALSE
8/5/2015,37.23,FALSE
8/6/2015,37.23,FALSE
8/7/2015,37.22,FALSE
8/8/2015,37.24,FALSE
8/9/2015,37.25,FALSE
8/10/2015,37.23,FALSE
8/11/2015,37.24,FALSE
8/12/2015,37.25,FALSE
8/13/2015,37.25,FALSE
8/14/2015,37.24,FALSE
8/15/2015,37.25,FALSE
8/16/2015,37.25,FALSE
8/17/2015,37.25,FALSE
8/18/2015,37.26,FALSE
8/19/2015,37.27,FALSE
8/20/2015,37.27,FALSE
8/21/2015,37.28,FALSE
8/22/2015,37.3,FALSE
8/23/2015,37.31,FALSE
8/24/2015,37.32,FALSE
8/25/2015,37.32,FALSE
8/26/2015,37.33,FALSE
8/27/2015,37.33,FALSE
8/28/2015,37.31,FALSE
8/29/2015,37.31,FALSE
8/30/2015,37.32,FALSE
8/31/2015,37.32,FALSE
9/1/2015,37.32,FALSE
9/2/2015,37.32,FALSE
9/3/2015,37.31,FALSE
9/4/2015,37.31,FALSE
9/5/2015,37.35,FALSE
9/6/2015,37.35,FALSE
9/7/2015,37.36,FALSE
9/8/2015,37.36,FALSE
9/9/2015,37.37,FALSE
9/10/2015,37.37,FALSE
9/11/2015,37.38,FALSE
9/12/2015,37.37,FALSE
9/13/2015,37.35,FALSE
9/14/2015,37.33,FALSE
9/15/2015,37.33,FALSE
9/16/2015,37.32,FALSE
9/17/2015,37.37,FALSE
9/18/2015,37.38,FALSE
9/19/2015,37.39,FALSE
9/20/2015,37.4,FALSE
9/21/2015,37.38,FALSE
9/22/2015,37.38,FALSE
9/23/2015,37.4,FALSE
9/24/2015,37.41,FALSE
9/25/2015,37.4,FALSE
9/26/2015,37.38,FALSE
9/27/2015,37.38,FALSE
9/28/2015,37.39,FALSE
9/29/2015,37.39,FALSE
9/30/2015,37.39,FALSE
10/1/2015,37.38,FALSE
10/2/2015,37.38,FALSE
10/3/2015,37.35,FALSE
10/4/2015,37.36,FALSE
10/5/2015,37.38,FALSE
10/6/2015,37.4,FALSE
10/7/2015,37.4,FALSE
10/8/2015,37.39,FALSE
10/9/2015,37.38,FALSE
10/10/2015,37.36,FALSE
10/11/2015,37.38,FALSE
10/12/2015,37.38,FALSE
10/13/2015,37.38,FALSE
10/14/2015,37.37,FALSE
10/15/2015,37.37,FALSE
10/16/2015,37.36,FALSE
10/17/2015,37.35,FALSE
10/18/2015,37.32,FALSE
10/19/2015,37.33,FALSE
10/20/2015,37.36,FALSE
10/21/2015,37.37,FALSE
10/22/2015,37.36,FALSE
10/23/2015,37.38,FALSE
10/24/2015,37.37,FALSE
10/25/2015,37.36,FALSE
10/26/2015,37.36,FALSE
10/27/2015,37.37,FALSE
10/28/2015,37.35,FALSE
10/29/2015,37.36,FALSE
10/30/2015,37.38,FALSE
10/31/2015,37.38,FALSE
11/1/2015,37.37,FALSE
11/2/2015,37.31,FALSE
11/3/2015,37.32,FALSE
11/4/2015,37.36,FALSE
11/5/2015,37.4,FALSE
11/6/2015,37.4,FALSE
11/7/2015,37.38,FALSE
11/8/2015,37.34,FALSE
11/9/2015,37.33,FALSE
11/10/2015,37.37,FALSE
11/11/2015,37.41,FALSE
11/12/2015,37.41,FALSE
11/13/2015,37.39,FALSE
11/14/2015,37.37,FALSE
11/15/2015,37.32,FALSE
11/16/2015,37.39,FALSE
11/17/2015,37.41,FALSE
11/18/2015,37.39,FALSE
11/19/2015,37.4,FALSE
11/20/2015,37.41,FALSE
11/21/2015,37.41,FALSE
11/22/2015,37.39,FALSE
11/23/2015,37.37,FALSE
11/24/2015,37.34,FALSE
11/25/2015,37.35,FALSE
11/26/2015,37.4,FALSE
11/27/2015,37.41,FALSE
11/28/2015,37.41,FALSE
11/29/2015,37.41,FALSE
11/30/2015,37.41,FALSE
12/1/2015,37.42,FALSE
12/2/2015,37.42,FALSE
12/3/2015,37.39,FALSE
12/4/2015,37.41,FALSE
12/5/2015,37.44,FALSE
12/6/2015,37.42,FALSE
12/7/2015,37.42,FALSE
12/8/2015,37.41,FALSE
12/9/2015,37.39,FALSE
12/10/2015,37.35,FALSE
12/11/2015,37.36,FALSE
12/12/2015,37.4,FALSE
12/13/2015,37.36,FALSE
12/14/2015,37.38,FALSE
12/15/2015,37.42,FALSE
12/16/2015,37.43,FALSE
12/17/2015,37.43,FALSE
12/18/2015,37.41,FALSE
12/19/2015,37.39,FALSE
12/20/2015,37.41,FALSE
12/21/2015,37.38,FALSE
12/22/2015,37.32,FALSE
12/23/2015,37.36,FALSE
12/24/2015,37.37,FALSE
12/25/2015,37.42,FALSE
12/26/2015,37.46,FALSE
12/27/2015,37.4,FALSE
12/28/2015,37.36,FALSE
12/29/2015,37.39,FALSE
12/30/2015,37.41,FALSE
12/31/2015,37.43,FALSE
1/1/2016,37.41,FALSE
1/2/2016,37.41,FALSE
1/3/2016,37.4,FALSE
1/4/2016,37.37,FALSE
1/5/2016,37.37,FALSE
1/6/2016,37.38,FALSE
1/7/2016,37.39,FALSE
1/8/2016,37.42,FALSE
1/9/2016,37.43,FALSE
1/10/2016,37.44,FALSE
1/11/2016,37.45,FALSE
1/12/2016,37.43,FALSE
1/13/2016,37.39,FALSE
1/14/2016,37.39,FALSE
1/15/2016,37.38,FALSE
1/16/2016,37.42,FALSE
1/17/2016,37.42,FALSE
1/18/2016,37.41,FALSE
1/19/2016,37.41,FALSE
1/20/2016,37.44,FALSE
1/21/2016,37.44,FALSE
1/22/2016,37.41,FALSE
1/23/2016,37.38,FALSE
1/24/2016,37.41,FALSE
1/25/2016,37.44,FALSE
1/26/2016,37.46,FALSE
1/27/2016,37.45,FALSE
1/28/2016,37.43,FALSE
1/29/2016,37.4,FALSE
1/30/2016,37.38,FALSE
1/31/2016,37.35,FALSE
2/1/2016,37.41,FALSE
2/2/2016,37.44,FALSE
2/3/2016,37.46,FALSE
2/4/2016,37.46,FALSE
2/5/2016,37.47,FALSE
2/6/2016,37.46,FALSE
2/7/2016,37.48,FALSE
2/8/2016,37.48,FALSE
2/9/2016,37.46,FALSE
2/10/2016,37.45,FALSE
2/11/2016,37.45,FALSE
2/12/2016,37.45,FALSE
2/13/2016,37.45,FALSE
2/14/2016,37.45,FALSE
2/15/2016,37.46,FALSE
2/16/2016,37.44,FALSE
2/17/2016,37.4,FALSE
2/18/2016,37.42,FALSE
2/19/2016,37.46,FALSE
2/20/2016,37.48,FALSE
2/21/2016,37.48,FALSE
2/22/2016,37.47,FALSE
2/23/2016,37.49,FALSE
2/24/2016,37.49,FALSE
2/25/2016,37.49,FALSE
2/26/2016,37.48,FALSE
2/27/2016,37.47,FALSE
2/28/2016,37.48,FALSE
2/29/2016,37.49,FALSE
3/1/2016,37.48,FALSE
3/2/2016,37.48,FALSE
3/3/2016,37.48,FALSE
3/4/2016,37.47,FALSE
3/5/2016,37.45,FALSE
3/6/2016,37.44,FALSE
3/7/2016,37.44,FALSE
3/8/2016,37.48,FALSE
3/9/2016,37.5,FALSE
3/10/2016,37.49,FALSE
3/11/2016,37.45,FALSE
3/12/2016,37.48,FALSE
3/13/2016,37.48,FALSE
3/14/2016,37.49,FALSE
3/15/2016,37.51,FALSE
3/16/2016,37.51,FALSE
3/17/2016,37.49,FALSE
3/18/2016,37.5,FALSE
3/19/2016,37.5,FALSE
3/20/2016,37.49,FALSE
3/21/2016,37.48,FALSE
3/22/2016,37.49,FALSE
3/23/2016,37.53,FALSE
3/24/2016,37.5,FALSE
3/25/2016,37.48,FALSE
3/26/2016,37.5,FALSE
3/27/2016,37.49,FALSE
3/28/2016,37.44,FALSE
3/29/2016,37.45,FALSE
3/30/2016,37.51,FALSE
3/31/2016,37.52,FALSE
4/1/2016,37.54,FALSE
4/2/2016,37.53,FALSE
4/3/2016,37.52,FALSE
4/4/2016,37.52,FALSE
4/5/2016,37.55,FALSE
4/6/2016,37.54,FALSE
4/7/2016,37.5,FALSE
4/8/2016,37.49,FALSE
4/9/2016,37.48,FALSE
4/10/2016,37.49,FALSE
4/11/2016,37.52,FALSE
4/12/2016,37.53,FALSE
4/13/2016,37.5,FALSE
4/14/2016,37.49,FALSE
4/15/2016,37.52,FALSE
4/16/2016,37.55,FALSE
4/17/2016,37.55,FALSE
4/18/2016,37.54,FALSE
4/19/2016,37.53,FALSE
4/20/2016,37.52,FALSE
4/21/2016,37.51,FALSE
4/22/2016,37.5,FALSE
4/23/2016,37.53,FALSE
4/24/2016,37.52,FALSE
4/25/2016,37.49,FALSE
4/26/2016,37.54,FALSE
4/27/2016,37.52,FALSE
4/28/2016,37.52,FALSE
4/29/2016,37.53,FALSE
4/30/2016,37.54,FALSE
5/1/2016,37.55,FALSE
5/2/2016,37.56,FALSE
5/3/2016,37.55,FALSE
5/4/2016,37.53,FALSE
5/5/2016,37.51,FALSE
5/6/2016,37.52,FALSE
5/7/2016,37.52,FALSE
5/8/2016,37.52,FALSE
5/9/2016,37.53,FALSE
5/10/2016,37.56,FALSE
5/11/2016,37.57,FALSE
5/12/2016,37.56,FALSE
5/13/2016,37.55,FALSE
5/14/2016,37.52,FALSE
5/15/2016,37.53,FALSE
5/16/2016,37.55,FALSE
5/17/2016,37.56,FALSE
5/18/2016,37.55,FALSE
5/19/2016,37.51,FALSE
5/20/2016,37.49,FALSE
5/21/2016,37.54,FALSE
5/22/2016,37.55,FALSE
5/23/2016,37.54,FALSE
5/24/2016,37.55,FALSE
5/25/2016,37.58,FALSE
5/26/2016,37.57,FALSE
5/27/2016,37.56,FALSE
5/28/2016,37.57,FALSE
5/29/2016,37.58,FALSE
5/30/2016,37.58,FALSE
5/31/2016,37.58,FALSE
6/1/2016,37.58,FALSE
6/2/2016,37.58,FALSE
6/3/2016,37.59,FALSE
6/4/2016,37.57,FALSE
6/5/2016,37.55,FALSE
6/6/2016,37.56,FALSE
6/7/2016,37.57,FALSE
6/8/2016,37.57,FALSE
6/9/2016,37.57,FALSE
6/10/2016,37.57,FALSE
6/11/2016,37.59,FALSE
6/12/2016,37.58,FALSE
6/13/2016,37.57,FALSE
6/14/2016,37.55,FALSE
6/15/2016,37.55,FALSE
6/16/2016,37.59,FALSE
6/17/2016,37.59,FALSE
6/18/2016,37.6,FALSE
6/19/2016,37.61,FALSE
6/20/2016,37.6,FALSE
6/21/2016,37.6,FALSE
6/22/2016,37.59,FALSE
6/23/2016,37.59,FALSE
6/24/2016,37.6,FALSE
6/25/2016,37.6,FALSE
6/26/2016,37.6,FALSE
6/27/2016,37.6,FALSE
6/28/2016,37.6,FALSE
6/29/2016,37.6,FALSE
6/30/2016,37.59,FALSE
7/1/2016,37.6,FALSE
7/2/2016,37.61,FALSE
7/3/2016,37.61,FALSE
7/4/2016,37.61,FALSE
7/5/2016,37.6,FALSE
7/6/2016,37.61,FALSE
7/7/2016,37.61,FALSE
7/8/2016,37.61,FALSE
7/9/2016,37.61,FALSE
7/10/2016,37.61,FALSE
7/11/2016,37.62,FALSE
7/12/2016,37.61,FALSE
7/13/2016,37.63,FALSE
7/14/2016,37.63,FALSE
7/15/2016,37.62,FALSE
7/16/2016,37.62,FALSE
7/17/2016,37.62,FALSE
7/18/2016,37.64,FALSE
7/19/2016,37.64,FALSE
7/20/2016,37.64,FALSE
7/21/2016,37.64,FALSE
7/22/2016,37.65,FALSE
7/23/2016,37.64,FALSE
7/24/2016,37.63,FALSE
7/25/2016,37.64,FALSE
7/26/2016,37.65,FALSE
7/27/2016,37.66,FALSE
7/28/2016,37.65,FALSE
7/29/2016,37.65,FALSE
7/30/2016,37.64,FALSE
7/31/2016,37.65,FALSE
8/1/2016,37.66,FALSE
8/2/2016,37.66,FALSE
8/3/2016,37.66,FALSE
8/4/2016,37.65,FALSE
8/5/2016,37.64,FALSE
8/6/2016,37.64,FALSE
8/7/2016,37.65,FALSE
8/8/2016,37.65,FALSE
8/9/2016,37.67,FALSE
8/10/2016,37.68,FALSE
8/11/2016,37.69,FALSE
8/12/2016,37.69,FALSE
8/13/2016,37.68,FALSE
8/14/2016,37.67,FALSE
8/15/2016,37.68,FALSE
8/16/2016,37.68,FALSE
8/17/2016,37.68,FALSE
8/18/2016,37.68,FALSE
8/19/2016,37.68,FALSE
8/20/2016,37.68,FALSE
8/21/2016,37.68,FALSE
8/22/2016,37.69,FALSE
8/23/2016,37.71,FALSE
8/24/2016,37.7,FALSE
8/25/2016,37.69,FALSE
8/26/2016,37.69,FALSE
8/27/2016,37.7,FALSE
8/28/2016,37.71,FALSE
8/29/2016,37.71,FALSE
8/30/2016,37.7,FALSE
8/31/2016,37.69,FALSE
9/1/2016,37.69,FALSE
9/2/2016,37.69,FALSE
9/3/2016,37.69,FALSE
9/4/2016,37.69,FALSE
9/5/2016,37.72,FALSE
9/6/2016,37.72,FALSE
9/7/2016,37.73,FALSE
9/8/2016,37.74,FALSE
9/9/2016,37.74,FALSE
9/10/2016,37.73,FALSE
9/11/2016,37.71,FALSE
9/12/2016,37.69,FALSE
9/13/2016,37.7,FALSE
9/14/2016,37.74,FALSE
9/15/2016,37.74,FALSE
9/16/2016,37.74,FALSE
9/17/2016,37.75,FALSE
9/18/2016,37.75,FALSE
9/19/2016,37.75,FALSE
9/20/2016,37.76,FALSE
9/21/2016,37.73,FALSE
9/22/2016,37.7,FALSE
9/23/2016,37.76,FALSE
9/24/2016,37.79,FALSE
9/25/2016,37.79,FALSE
9/26/2016,37.77,FALSE
9/27/2016,37.76,FALSE
9/28/2016,37.76,FALSE
9/29/2016,37.78,FALSE
9/30/2016,37.77,FALSE
10/1/2016,37.76,FALSE
10/2/2016,37.74,FALSE
10/3/2016,37.77,FALSE
10/4/2016,37.77,FALSE
10/5/2016,37.79,FALSE
10/6/2016,37.8,FALSE
10/7/2016,37.8,FALSE
10/8/2016,37.79,FALSE
10/9/2016,37.79,FALSE
10/10/2016,37.79,FALSE
10/11/2016,37.8,FALSE
10/12/2016,37.81,FALSE
10/13/2016,37.8,FALSE
10/14/2016,37.79,FALSE
10/15/2016,37.78,FALSE
10/16/2016,37.77,FALSE
10/17/2016,37.81,FALSE
10/18/2016,37.83,FALSE
10/19/2016,37.85,FALSE
10/20/2016,37.83,FALSE
10/21/2016,37.8,FALSE
10/22/2016,37.8,FALSE
10/23/2016,37.81,FALSE
10/24/2016,37.81,FALSE
10/25/2016,37.83,FALSE
10/26/2016,37.83,FALSE
10/27/2016,37.82,FALSE
10/28/2016,37.81,FALSE
10/29/2016,37.82,FALSE
10/30/2016,37.8,FALSE
10/31/2016,37.82,FALSE
11/1/2016,37.84,FALSE
11/2/2016,37.87,FALSE
11/3/2016,37.86,FALSE
11/4/2016,37.85,FALSE
11/5/2016,37.84,FALSE
11/6/2016,37.84,FALSE
11/7/2016,37.87,FALSE
11/8/2016,37.87,FALSE
11/9/2016,37.86,FALSE
11/10/2016,37.86,FALSE
11/11/2016,37.86,FALSE
11/12/2016,37.86,FALSE
11/13/2016,37.87,FALSE
11/14/2016,37.87,FALSE
11/15/2016,37.84,FALSE
11/16/2016,37.82,FALSE
11/17/2016,37.87,FALSE
11/18/2016,37.87,FALSE
11/19/2016,37.86,FALSE
11/20/2016,37.85,FALSE
11/21/2016,37.84,FALSE
11/22/2016,37.88,FALSE
11/23/2016,37.88,FALSE
11/24/2016,37.89,FALSE
11/25/2016,37.87,FALSE
11/26/2016,37.83,FALSE
11/27/2016,37.84,FALSE
11/28/2016,37.84,FALSE
11/29/2016,37.89,FALSE
11/30/2016,37.88,FALSE
12/1/2016,37.89,FALSE
12/2/2016,37.91,FALSE
12/3/2016,37.9,FALSE
12/4/2016,37.87,FALSE
12/5/2016,37.86,FALSE
12/6/2016,37.86,FALSE
12/7/2016,37.91,FALSE
12/8/2016,37.9,FALSE
12/9/2016,37.91,FALSE
12/10/2016,37.88,FALSE
12/11/2016,37.89,FALSE
12/12/2016,37.9,FALSE
12/13/2016,37.91,FALSE
12/14/2016,37.9,FALSE
12/15/2016,37.87,FALSE
12/16/2016,37.85,FALSE
12/17/2016,37.93,FALSE
12/18/2016,37.95,FALSE
12/19/2016,37.94,FALSE
12/20/2016,37.93,FALSE
12/21/2016,37.92,FALSE
12/22/2016,37.89,FALSE
12/23/2016,37.87,FALSE
12/24/2016,37.84,FALSE
12/25/2016,37.91,FALSE
12/26/2016,37.95,FALSE
12/27/2016,37.94,FALSE
12/28/2016,37.95,FALSE
12/29/2016,37.95,FALSE
12/30/2016,37.9,FALSE
12/31/2016,37.89,FALSE
1/1/2017,37.86,FALSE
1/2/2017,37.9,FALSE
1/3/2017,37.93,FALSE
1/4/2017,37.9,FALSE
1/5/2017,37.91,FALSE
1/6/2017,37.95,FALSE
1/7/2017,37.94,FALSE
1/8/2017,37.93,FALSE
1/9/2017,37.91,FALSE
1/10/2017,37.9,FALSE
1/11/2017,37.9,FALSE
1/12/2017,37.93,FALSE
1/13/2017,37.97,FALSE
1/14/2017,37.96,FALSE
1/15/2017,37.94,FALSE
1/16/2017,37.96,FALSE
1/17/2017,37.94,FALSE
1/18/2017,37.92,FALSE
1/19/2017,37.89,FALSE
1/20/2017,37.85,FALSE
1/21/2017,37.91,FALSE
1/22/2017,37.91,FALSE
1/23/2017,37.89,FALSE
1/24/2017,37.94,FALSE
1/25/2017,37.97,FALSE
1/26/2017,37.98,FALSE
1/27/2017,37.99,FALSE
1/28/2017,37.98,FALSE
1/29/2017,37.96,FALSE
1/30/2017,37.93,FALSE
1/31/2017,37.91,FALSE
2/1/2017,37.91,FALSE
2/2/2017,37.91,FALSE
2/3/2017,37.9,FALSE
2/4/2017,37.93,FALSE
2/5/2017,37.91,FALSE
2/6/2017,37.9,FALSE
2/7/2017,37.92,FALSE
2/8/2017,37.96,FALSE
2/9/2017,37.94,FALSE
2/10/2017,37.93,FALSE
2/11/2017,37.97,FALSE
2/12/2017,37.97,FALSE
2/13/2017,37.96,FALSE
2/14/2017,37.96,FALSE
2/15/2017,37.95,FALSE
2/16/2017,37.91,FALSE
2/17/2017,37.88,FALSE
2/18/2017,37.89,FALSE
2/19/2017,37.93,FALSE
2/20/2017,37.95,FALSE
2/21/2017,37.96,FALSE
2/22/2017,37.93,FALSE
2/23/2017,37.94,FALSE
2/24/2017,37.96,FALSE
2/25/2017,37.95,FALSE
2/26/2017,37.92,FALSE
2/27/2017,37.93,FALSE
2/28/2017,37.97,FALSE
3/1/2017,38,FALSE
3/2/2017,37.98,FALSE
3/3/2017,37.94,FALSE
3/4/2017,37.91,FALSE
3/5/2017,37.89,FALSE
3/6/2017,37.95,FALSE
3/7/2017,37.97,FALSE
3/8/2017,37.97,FALSE
3/9/2017,37.97,FALSE
3/10/2017,37.96,FALSE
3/11/2017,37.96,FALSE
3/12/2017,37.97,FALSE
3/13/2017,37.97,FALSE
3/14/2017,37.96,FALSE
3/15/2017,37.95,FALSE
3/16/2017,37.96,FALSE
3/17/2017,37.96,FALSE
3/18/2017,37.96,FALSE
3/19/2017,37.96,FALSE
3/20/2017,37.95,FALSE
3/21/2017,37.97,FALSE
3/22/2017,37.96,FALSE
3/23/2017,37.99,FALSE
3/24/2017,37.99,FALSE
3/25/2017,37.98,FALSE
3/26/2017,37.98,FALSE
3/27/2017,37.99,FALSE
3/28/2017,38.01,FALSE
3/29/2017,38,FALSE
3/30/2017,37.94,FALSE
3/31/2017,37.98,FALSE
4/1/2017,38,FALSE
4/2/2017,37.99,FALSE
4/3/2017,37.98,FALSE
4/4/2017,38.01,FALSE
4/5/2017,38,FALSE
4/6/2017,37.97,FALSE
4/7/2017,37.95,FALSE
4/8/2017,37.96,FALSE
4/9/2017,38,FALSE
4/10/2017,38,FALSE
4/11/2017,37.98,FALSE
4/12/2017,37.98,FALSE
4/13/2017,37.97,FALSE
4/14/2017,38,FALSE
4/15/2017,38,FALSE
4/16/2017,37.98,FALSE
4/17/2017,37.99,FALSE
4/18/2017,37.99,FALSE
4/19/2017,38.01,FALSE
4/20/2017,38.01,FALSE
4/21/2017,38.01,FALSE
4/22/2017,37.98,FALSE
4/23/2017,37.97,FALSE
4/24/2017,37.97,FALSE
4/25/2017,38,FALSE
4/26/2017,37.98,FALSE
4/27/2017,37.99,FALSE
4/28/2017,38.01,FALSE
4/29/2017,38.03,FALSE
4/30/2017,38.01,FALSE
5/1/2017,38.01,FALSE
5/2/2017,38.02,FALSE
5/3/2017,38.03,FALSE
5/4/2017,38.01,FALSE
5/5/2017,37.98,FALSE
5/6/2017,37.96,FALSE
5/7/2017,38,FALSE
5/8/2017,38.02,FALSE
5/9/2017,38.02,FALSE
5/10/2017,38.03,FALSE
5/11/2017,38.03,FALSE
5/12/2017,38,FALSE
5/13/2017,38.01,FALSE
5/14/2017,38.01,FALSE
5/15/2017,38.01,FALSE
5/16/2017,38.02,FALSE
5/17/2017,38.03,FALSE
5/18/2017,38.05,FALSE
5/19/2017,38.05,FALSE
5/20/2017,38.04,FALSE
5/21/2017,38.06,FALSE
5/22/2017,38.06,FALSE
5/23/2017,38.05,FALSE
5/24/2017,38,FALSE
5/25/2017,38.01,FALSE
5/26/2017,38.05,FALSE
5/27/2017,38.08,FALSE
5/28/2017,38.07,FALSE
5/29/2017,38.06,FALSE
5/30/2017,38.05,FALSE
5/31/2017,38.04,FALSE
6/1/2017,38.05,FALSE
6/2/2017,38.07,FALSE
6/3/2017,38.06,FALSE
6/4/2017,38.05,FALSE
6/5/2017,38.07,FALSE
6/6/2017,38.06,FALSE
6/7/2017,38.06,FALSE
6/8/2017,38.05,FALSE
6/9/2017,38.05,FALSE
6/10/2017,38.04,FALSE
6/11/2017,38.04,FALSE
6/12/2017,38.07,FALSE
6/13/2017,38.09,FALSE
6/14/2017,38.08,FALSE
6/15/2017,38.08,FALSE
6/16/2017,38.07,FALSE
6/17/2017,38.07,FALSE
6/18/2017,38.08,FALSE
6/19/2017,38.08,FALSE
6/20/2017,38.07,FALSE
6/21/2017,38.06,FALSE
6/22/2017,38.07,FALSE
6/23/2017,38.08,FALSE
6/24/2017,38.08,FALSE
6/25/2017,38.08,FALSE
6/26/2017,38.06,FALSE
6/27/2017,38.07,FALSE
6/28/2017,38.07,FALSE
6/29/2017,38.09,FALSE
6/30/2017,38.09,FALSE
7/1/2017,38.07,FALSE
7/2/2017,38.08,FALSE
7/3/2017,38.09,FALSE
7/4/2017,38.09,FALSE
7/5/2017,38.1,FALSE
7/6/2017,38.1,FALSE
7/7/2017,38.1,FALSE
7/8/2017,38.09,FALSE
7/9/2017,38.09,FALSE
7/10/2017,38.08,FALSE
7/11/2017,38.08,FALSE
7/12/2017,38.09,FALSE
7/13/2017,38.1,FALSE
7/14/2017,38.1,FALSE
7/15/2017,38.1,FALSE
7/16/2017,38.09,FALSE
7/17/2017,38.08,FALSE
7/18/2017,38.09,FALSE
7/19/2017,38.09,FALSE
7/20/2017,38.09,FALSE
7/21/2017,38.09,FALSE
7/22/2017,38.1,FALSE
7/23/2017,38.1,FALSE
7/24/2017,38.11,FALSE
7/25/2017,38.11,FALSE
7/26/2017,38.12,FALSE
7/27/2017,38.11,FALSE
7/28/2017,38.1,FALSE
7/29/2017,38.12,FALSE
7/30/2017,38.12,FALSE
7/31/2017,38.11,FALSE
8/1/2017,38.11,FALSE
8/2/2017,38.11,FALSE
8/3/2017,38.11,FALSE
8/4/2017,38.1,FALSE
8/5/2017,38.1,FALSE
8/6/2017,38.11,FALSE
8/7/2017,38.11,FALSE
8/8/2017,38.11,FALSE
8/9/2017,38.12,FALSE
8/10/2017,38.12,FALSE
8/11/2017,38.11,FALSE
8/12/2017,38.11,FALSE
8/13/2017,38.11,FALSE
8/14/2017,38.11,FALSE
8/15/2017,38.12,FALSE
8/16/2017,38.13,FALSE
8/17/2017,38.14,FALSE
8/18/2017,38.13,FALSE
8/19/2017,38.12,FALSE
8/20/2017,38.12,FALSE
8/21/2017,38.14,FALSE
8/22/2017,38.14,FALSE
8/23/2017,38.13,FALSE
8/24/2017,38.12,FALSE
8/25/2017,38.13,FALSE
8/26/2017,38.15,FALSE
8/27/2017,38.15,FALSE
8/28/2017,38.14,FALSE
8/29/2017,38.14,FALSE
8/30/2017,38.14,FALSE
8/31/2017,38.14,FALSE
9/1/2017,38.15,FALSE
9/2/2017,38.15,FALSE
9/3/2017,38.15,FALSE
9/4/2017,38.15,FALSE
9/5/2017,38.15,FALSE
9/6/2017,38.165,TRUE
9/7/2017,38.18,FALSE
9/8/2017,38.18,FALSE
9/9/2017,38.19,FALSE
9/10/2017,38.19,FALSE
9/11/2017,38.19,FALSE
9/12/2017,38.18,FALSE
9/13/2017,38.15,FALSE
9/14/2017,38.14,FALSE
9/15/2017,38.17,FALSE
9/16/2017,38.18,FALSE
9/17/2017,38.18,FALSE
9/18/2017,38.16,FALSE
9/19/2017,38.17,FALSE
9/20/2017,38.16,FALSE
9/21/2017,38.14,FALSE
9/22/2017,38.16,FALSE
9/23/2017,38.17,FALSE
9/24/2017,38.19,FALSE
9/25/2017,38.18,FALSE
9/26/2017,38.18,FALSE
9/27/2017,38.18,FALSE
9/28/2017,38.18,FALSE
9/29/2017,38.17,FALSE
9/30/2017,38.16,FALSE
10/1/2017,38.16,FALSE
10/2/2017,38.17,FALSE
10/3/2017,38.17,FALSE
10/4/2017,38.18,FALSE
10/5/2017,38.19,FALSE
10/6/2017,38.2,FALSE
10/7/2017,38.16,FALSE
10/8/2017,38.18,FALSE
10/9/2017,38.2,FALSE
10/10/2017,38.18,FALSE
10/11/2017,38.17,FALSE
10/12/2017,38.2,FALSE
10/13/2017,38.2,FALSE
10/14/2017,38.23,FALSE
10/15/2017,38.21,FALSE
10/16/2017,38.21,FALSE
10/17/2017,38.19,FALSE
10/18/2017,38.19,FALSE
10/19/2017,38.16,FALSE
10/20/2017,38.17,FALSE
10/21/2017,38.22,FALSE
10/22/2017,38.23,FALSE
10/23/2017,38.24,FALSE
10/24/2017,38.22,FALSE
10/25/2017,38.18,FALSE
10/26/2017,38.19,FALSE
10/27/2017,38.2,FALSE
10/28/2017,38.2,FALSE
10/29/2017,38.18,FALSE
10/30/2017,38.17,FALSE
10/31/2017,38.2,FALSE
11/1/2017,38.19,FALSE
11/2/2017,38.19,FALSE
11/3/2017,38.2,FALSE
11/4/2017,38.2,FALSE
11/5/2017,38.2,FALSE
11/6/2017,38.22,FALSE
11/7/2017,38.23,FALSE
11/8/2017,38.21,FALSE
11/9/2017,38.2,FALSE
11/10/2017,38.21,FALSE
11/11/2017,38.23,FALSE
11/12/2017,38.23,FALSE
11/13/2017,38.22,FALSE
11/14/2017,38.23,FALSE
11/15/2017,38.2,FALSE
11/16/2017,38.19,FALSE
11/17/2017,38.22,FALSE
11/18/2017,38.24,FALSE
11/19/2017,38.22,FALSE
11/20/2017,38.22,FALSE
11/21/2017,38.25,FALSE
11/22/2017,38.25,FALSE
11/23/2017,38.22,FALSE
11/24/2017,38.21,FALSE
11/25/2017,38.23,FALSE
11/26/2017,38.21,FALSE
11/27/2017,38.2,FALSE
11/28/2017,38.23,FALSE
11/29/2017,38.24,FALSE
11/30/2017,38.22,FALSE
12/1/2017,38.22,FALSE
12/2/2017,38.21,FALSE
12/3/2017,38.21,FALSE
12/4/2017,38.25,FALSE
12/5/2017,38.26,FALSE
12/6/2017,38.26,FALSE
12/7/2017,38.27,FALSE
12/8/2017,38.26,FALSE
12/9/2017,38.25,FALSE
12/10/2017,38.25,FALSE
12/11/2017,38.25,FALSE
12/12/2017,38.24,FALSE
12/13/2017,38.22,FALSE
12/14/2017,38.24,FALSE
12/15/2017,38.22,FALSE
12/16/2017,38.21,FALSE
12/17/2017,38.24,FALSE
12/18/2017,38.25,FALSE
12/19/2017,38.23,FALSE
12/20/2017,38.22,FALSE
12/21/2017,38.26,FALSE
12/22/2017,38.26,FALSE
12/23/2017,38.26,FALSE
12/24/2017,38.26,FALSE
12/25/2017,38.25,FALSE
12/26/2017,38.27,FALSE
12/27/2017,38.27,FALSE
12/28/2017,38.27,FALSE
12/29/2017,38.26,FALSE
12/30/2017,38.25,FALSE
12/31/2017,38.26,FALSE
1/1/2018,38.28,FALSE
1/2/2018,38.28,FALSE
1/3/2018,38.26,FALSE
1/4/2018,38.26,FALSE
1/5/2018,38.27,FALSE
1/6/2018,38.25,FALSE
1/7/2018,38.27,FALSE
1/8/2018,38.24,FALSE
1/9/2018,38.21,FALSE
1/10/2018,38.25,FALSE
1/11/2018,38.29,FALSE
1/12/2018,38.3,FALSE
1/13/2018,38.3,FALSE
1/14/2018,38.28,FALSE
1/15/2018,38.27,FALSE
1/16/2018,38.28,FALSE
1/17/2018,38.29,FALSE
1/18/2018,38.25,FALSE
1/19/2018,38.24,FALSE
1/20/2018,38.26,FALSE
1/21/2018,38.29,FALSE
1/22/2018,38.29,FALSE
1/23/2018,38.29,FALSE
1/24/2018,38.26,FALSE
1/25/2018,38.25,FALSE
1/26/2018,38.3,FALSE
1/27/2018,38.31,FALSE
1/28/2018,38.32,FALSE
1/29/2018,38.29,FALSE
1/30/2018,38.26,FALSE
1/31/2018,38.27,FALSE
2/1/2018,38.28,FALSE
2/2/2018,38.29,FALSE
2/3/2018,38.29,FALSE
2/4/2018,38.28,FALSE
2/5/2018,38.26,FALSE
2/6/2018,38.29,FALSE
2/7/2018,38.31,FALSE
2/8/2018,38.28,FALSE
2/9/2018,38.25,FALSE
2/10/2018,38.26,FALSE
2/11/2018,38.23,FALSE
2/12/2018,38.24,FALSE
2/13/2018,38.29,FALSE
2/14/2018,38.27,FALSE
2/15/2018,38.3,FALSE
2/16/2018,38.29,FALSE
2/17/2018,38.27,FALSE
2/18/2018,38.21,FALSE
2/19/2018,38.24,FALSE
2/20/2018,38.29,FALSE
2/21/2018,38.28,FALSE
2/22/2018,38.27,FALSE
2/23/2018,38.3,FALSE
2/24/2018,38.28,FALSE
2/25/2018,38.29,FALSE
2/26/2018,38.24,FALSE
2/27/2018,38.26,FALSE
2/28/2018,38.28,FALSE
3/1/2018,38.26,FALSE
3/2/2018,38.24,FALSE
3/3/2018,38.24,FALSE
3/4/2018,38.3,FALSE
3/5/2018,38.33,FALSE
3/6/2018,38.32,FALSE
3/7/2018,38.3,FALSE
3/8/2018,38.29,FALSE
3/9/2018,38.29,FALSE
3/10/2018,38.29,FALSE
3/11/2018,38.32,FALSE
3/12/2018,38.31,FALSE
3/13/2018,38.29,FALSE
3/14/2018,38.27,FALSE
3/15/2018,38.29,FALSE
3/16/2018,38.29,FALSE
3/17/2018,38.32,FALSE
3/18/2018,38.33,FALSE
3/19/2018,38.33,FALSE
3/20/2018,38.31,FALSE
3/21/2018,38.3,FALSE
3/22/2018,38.28,FALSE
3/23/2018,38.3,FALSE
3/24/2018,38.29,FALSE
3/25/2018,38.31,FALSE
3/26/2018,38.34,FALSE
3/27/2018,38.34,FALSE
3/28/2018,38.33,FALSE
3/29/2018,38.34,FALSE
3/30/2018,38.34,FALSE
3/31/2018,38.33,FALSE
4/1/2018,38.31,FALSE
4/2/2018,38.31,FALSE
4/3/2018,38.34,FALSE
4/4/2018,38.34,FALSE
4/5/2018,38.33,FALSE
4/6/2018,38.33,FALSE
4/7/2018,38.3,FALSE
4/8/2018,38.34,FALSE
4/9/2018,38.35,FALSE
4/10/2018,38.32,FALSE
4/11/2018,38.29,FALSE
4/12/2018,38.32,FALSE
4/13/2018,38.37,FALSE
4/14/2018,38.34,FALSE
4/15/2018,38.29,FALSE
4/16/2018,38.29,FALSE
4/17/2018,38.35,FALSE
4/18/2018,38.32,FALSE
4/19/2018,38.33,FALSE
4/20/2018,38.36,FALSE
4/21/2018,38.36,FALSE
4/22/2018,38.33,FALSE
4/23/2018,38.35,FALSE
4/24/2018,38.36,FALSE
4/25/2018,38.35,FALSE
4/26/2018,38.34,FALSE
4/27/2018,38.32,FALSE
4/28/2018,38.32,FALSE
4/29/2018,38.34,FALSE
4/30/2018,38.34,FALSE
5/1/2018,38.33,FALSE
5/2/2018,38.35,FALSE
5/3/2018,38.38,FALSE
5/4/2018,38.38,FALSE
5/5/2018,38.35,FALSE
5/6/2018,38.35,FALSE
5/7/2018,38.36,FALSE
5/8/2018,38.36,FALSE
5/9/2018,38.34,FALSE
5/10/2018,38.33,FALSE
5/11/2018,38.33,FALSE
5/12/2018,38.35,FALSE
5/13/2018,38.36,FALSE
5/14/2018,38.36,FALSE
5/15/2018,38.36,FALSE
5/16/2018,38.34,FALSE
5/17/2018,38.35,FALSE
5/18/2018,38.36,FALSE
5/19/2018,38.36,FALSE
5/20/2018,38.35,FALSE
5/21/2018,38.35,FALSE
5/22/2018,38.36,FALSE
5/23/2018,38.36,FALSE
5/24/2018,38.36,FALSE
5/25/2018,38.35,FALSE
5/26/2018,38.36,FALSE
5/27/2018,38.37,FALSE
5/28/2018,38.37,FALSE
5/29/2018,38.35,FALSE
5/30/2018,38.33,FALSE
5/31/2018,38.34,FALSE
6/1/2018,38.38,FALSE
6/2/2018,38.38,FALSE
6/3/2018,38.36,FALSE
6/4/2018,38.35,FALSE
6/5/2018,38.35,FALSE
6/6/2018,38.34,FALSE
6/7/2018,38.36,FALSE
6/8/2018,38.37,FALSE
6/9/2018,38.35,FALSE
6/10/2018,38.37,FALSE
6/11/2018,38.37,FALSE
6/12/2018,38.37,FALSE
6/13/2018,38.36,FALSE
6/14/2018,38.35,FALSE
6/15/2018,38.34,FALSE
6/16/2018,38.34,FALSE
6/17/2018,38.36,FALSE
6/18/2018,38.38,FALSE
6/19/2018,38.38,FALSE
6/20/2018,38.37,FALSE
6/21/2018,38.37,FALSE
6/22/2018,38.37,FALSE
6/23/2018,38.36,FALSE
6/24/2018,38.37,FALSE
6/25/2018,38.36,FALSE
6/26/2018,38.37,FALSE
6/27/2018,38.35,FALSE
6/28/2018,38.35,FALSE
6/29/2018,38.37,FALSE
6/30/2018,38.38,FALSE
7/1/2018,38.37,FALSE
7/2/2018,38.35,FALSE
7/3/2018,38.35,FALSE
7/4/2018,38.37,FALSE
7/5/2018,38.38,FALSE
7/6/2018,38.38,FALSE
7/7/2018,38.36,FALSE
7/8/2018,38.36,FALSE
7/9/2018,38.36,FALSE
7/10/2018,38.36,FALSE
7/11/2018,38.35,FALSE
7/12/2018,38.36,FALSE
7/13/2018,38.37,FALSE
7/14/2018,38.36,FALSE
7/15/2018,38.36,FALSE
7/16/2018,38.36,FALSE
7/17/2018,38.36,FALSE
7/18/2018,38.36,FALSE
7/19/2018,38.36,FALSE
7/20/2018,38.35,FALSE
7/21/2018,38.34,FALSE
7/22/2018,38.35,FALSE
7/23/2018,38.35,FALSE
7/24/2018,38.33,FALSE
7/25/2018,38.36,FALSE
7/26/2018,38.35,FALSE
7/27/2018,38.35,FALSE
7/28/2018,38.35,FALSE
7/29/2018,38.36,FALSE
7/30/2018,38.36,FALSE
7/31/2018,38.36,FALSE
8/1/2018,38.36,FALSE
8/2/2018,38.35,FALSE
8/3/2018,38.35,FALSE
8/4/2018,38.35,FALSE
8/5/2018,38.36,FALSE
8/6/2018,38.36,FALSE
8/7/2018,38.35,FALSE
8/8/2018,38.35,FALSE
8/9/2018,38.35,FALSE
8/10/2018,38.35,FALSE
8/11/2018,38.35,FALSE
8/12/2018,38.35,FALSE
8/13/2018,38.35,FALSE
8/14/2018,38.35,FALSE
8/15/2018,38.36,FALSE
8/16/2018,38.36,FALSE
8/17/2018,38.36,FALSE
8/18/2018,38.36,FALSE
8/19/2018,38.35,FALSE
8/20/2018,38.34,FALSE
8/21/2018,38.35,FALSE
8/22/2018,38.36,FALSE
8/23/2018,38.36,FALSE
8/24/2018,38.35,FALSE
8/25/2018,38.36,FALSE
8/26/2018,38.35,FALSE
8/27/2018,38.36,FALSE
8/28/2018,38.37,FALSE
8/29/2018,38.36,FALSE
8/30/2018,38.37,FALSE
8/31/2018,38.37,FALSE
9/1/2018,38.37,FALSE
9/2/2018,38.37,FALSE
9/3/2018,38.37,FALSE
9/4/2018,38.37,FALSE
9/5/2018,38.38,FALSE
9/6/2018,38.38,FALSE
9/7/2018,38.38,FALSE
9/8/2018,38.37,FALSE
9/9/2018,38.37,FALSE
9/10/2018,38.36,FALSE
9/11/2018,38.36,FALSE
9/12/2018,38.36,FALSE
9/13/2018,38.37,FALSE
9/14/2018,38.38,FALSE
9/15/2018,38.37,FALSE
9/16/2018,38.39,FALSE
9/17/2018,38.38,FALSE
9/18/2018,38.38,FALSE
9/19/2018,38.38,FALSE
9/20/2018,38.4,FALSE
9/21/2018,38.4,FALSE
9/22/2018,38.39,FALSE
9/23/2018,38.39,FALSE
9/24/2018,38.415,TRUE
9/25/2018,38.44,FALSE
9/26/2018,38.44,FALSE
9/27/2018,38.43,FALSE
9/28/2018,38.41,FALSE
9/29/2018,38.4,FALSE
9/30/2018,38.43,FALSE
10/1/2018,38.43,FALSE
10/2/2018,38.4,FALSE
10/3/2018,38.35,FALSE
10/4/2018,38.35,FALSE
10/5/2018,38.41,FALSE
10/6/2018,38.4,FALSE
10/7/2018,38.43,FALSE
10/8/2018,38.46,FALSE
10/9/2018,38.42,FALSE
10/10/2018,38.42,FALSE
10/11/2018,38.47,FALSE
10/12/2018,38.49,FALSE
10/13/2018,38.47,FALSE
10/14/2018,38.49,FALSE
10/15/2018,38.5,FALSE
10/16/2018,38.48,FALSE
10/17/2018,38.47,FALSE
10/18/2018,38.48,FALSE
10/19/2018,38.49,FALSE
10/20/2018,38.48,FALSE
10/21/2018,38.46,FALSE
10/22/2018,38.44,FALSE
10/23/2018,38.47,FALSE
10/24/2018,38.48,FALSE
10/25/2018,38.49,FALSE
10/26/2018,38.49,FALSE
10/27/2018,38.47,FALSE
10/28/2018,38.47,FALSE
10/29/2018,38.47,FALSE
10/30/2018,38.49,FALSE
10/31/2018,38.49,FALSE
11/1/2018,38.5,FALSE
11/2/2018,38.48,FALSE
11/3/2018,38.48,FALSE
11/4/2018,38.46,FALSE
11/5/2018,38.47,FALSE
11/6/2018,38.47,FALSE
11/7/2018,38.46,FALSE
11/8/2018,38.49,FALSE
11/9/2018,38.47,FALSE
11/10/2018,38.45,FALSE
11/11/2018,38.48,FALSE
11/12/2018,38.5,FALSE
11/13/2018,38.49,FALSE
11/14/2018,38.48,FALSE
11/15/2018,38.47,FALSE
11/16/2018,38.46,FALSE
11/17/2018,38.47,FALSE
11/18/2018,38.49,FALSE
11/19/2018,38.49,FALSE
11/20/2018,38.48,FALSE
11/21/2018,38.48,FALSE
11/22/2018,38.48208333,TRUE
11/23/2018,38.48416667,TRUE
11/24/2018,38.48625,TRUE
11/25/2018,38.48833333,TRUE
11/26/2018,38.49041667,TRUE
11/27/2018,38.4925,TRUE
11/28/2018,38.49458333,TRUE
11/29/2018,,TRUE
11/30/2018,,TRUE
12/1/2018,,TRUE
12/2/2018,,TRUE
12/3/2018,,TRUE
12/4/2018,,TRUE
12/5/2018,,TRUE
12/6/2018,,TRUE
12/7/2018,,TRUE
12/8/2018,,TRUE
12/9/2018,,TRUE
12/10/2018,,TRUE
12/11/2018,,TRUE
12/12/2018,,TRUE
12/13/2018,,TRUE
12/14/2018,,TRUE
12/15/2018,38.53,FALSE
12/16/2018,38.52,FALSE
12/17/2018,38.52,FALSE
12/18/2018,38.52,FALSE
12/19/2018,38.53,FALSE
12/20/2018,38.5,FALSE
12/21/2018,38.49,FALSE
12/22/2018,38.52,FALSE
12/23/2018,38.51,FALSE
12/24/2018,38.48,FALSE
12/25/2018,38.47,FALSE
12/26/2018,38.5,FALSE
12/27/2018,38.48,FALSE
12/28/2018,38.51,FALSE
12/29/2018,38.51,FALSE
12/30/2018,38.46,FALSE
12/31/2018,38.47,FALSE
1/1/2019,38.5,FALSE
1/2/2019,38.5,FALSE
1/3/2019,38.49,FALSE
1/4/2019,38.47,FALSE
1/5/2019,38.45,FALSE
1/6/2019,38.46,FALSE
1/7/2019,38.49,FALSE
1/8/2019,38.49,FALSE
1/9/2019,38.48,FALSE
1/10/2019,38.49,FALSE
1/11/2019,38.49,FALSE
1/12/2019,38.49,FALSE
1/13/2019,38.49,FALSE
1/14/2019,38.48,FALSE
1/15/2019,38.47,FALSE
1/16/2019,38.49,FALSE
1/17/2019,38.47,FALSE
1/18/2019,38.51,FALSE
1/19/2019,38.5,FALSE
1/20/2019,38.45,FALSE
1/21/2019,38.45,FALSE
1/22/2019,38.51,FALSE
1/23/2019,38.5,FALSE
1/24/2019,38.5,FALSE
1/25/2019,38.5,FALSE
1/26/2019,38.51,FALSE
1/27/2019,38.48,FALSE
1/28/2019,38.48,FALSE
1/29/2019,38.46,FALSE
1/30/2019,38.47,FALSE
1/31/2019,38.47,FALSE
2/1/2019,38.46,FALSE
2/2/2019,38.43,FALSE
2/3/2019,38.43,FALSE
2/4/2019,38.42,FALSE
2/5/2019,38.44,FALSE
2/6/2019,38.49,FALSE
2/7/2019,38.51,FALSE
2/8/2019,38.47,FALSE
2/9/2019,38.45,FALSE
2/10/2019,38.45,FALSE
2/11/2019,38.5,FALSE
2/12/2019,38.49,FALSE
2/13/2019,38.45,FALSE
2/14/2019,38.43,FALSE
2/15/2019,38.47,FALSE
2/16/2019,38.47,FALSE
2/17/2019,38.47,FALSE
2/18/2019,38.5,FALSE
2/19/2019,38.49,FALSE
2/20/2019,38.44,FALSE
2/21/2019,38.46,FALSE
2/22/2019,38.51,FALSE
2/23/2019,38.52,FALSE
2/24/2019,38.49,FALSE
2/25/2019,38.47,FALSE
2/26/2019,38.48,FALSE
2/27/2019,38.49,FALSE
2/28/2019,38.49,FALSE
3/1/2019,38.49,FALSE
3/2/2019,38.48,FALSE
3/3/2019,38.48,FALSE
3/4/2019,38.49,FALSE
3/5/2019,38.48,FALSE
3/6/2019,38.46,FALSE
3/7/2019,38.48,FALSE
3/8/2019,38.46,FALSE
3/9/2019,38.48,FALSE
3/10/2019,38.48,FALSE
3/11/2019,38.49,FALSE
3/12/2019,38.45,FALSE
3/13/2019,38.5,FALSE
3/14/2019,38.52,FALSE
3/15/2019,38.5,FALSE
3/16/2019,38.5,FALSE
3/17/2019,38.49,FALSE
3/18/2019,38.49,FALSE
3/19/2019,38.48,FALSE
3/20/2019,38.47,FALSE
3/21/2019,38.47,FALSE
3/22/2019,38.48,FALSE
3/23/2019,38.48,FALSE
3/24/2019,38.5,FALSE
3/25/2019,38.49,FALSE
3/26/2019,38.47,FALSE
3/27/2019,38.47,FALSE
3/28/2019,38.49,FALSE
3/29/2019,38.51,FALSE
3/30/2019,38.5,FALSE
3/31/2019,38.5,FALSE
4/1/2019,38.48,FALSE
4/2/2019,38.45,FALSE
4/3/2019,38.48,FALSE
4/4/2019,38.48,FALSE
4/5/2019,38.48,FALSE
4/6/2019,38.5,FALSE
4/7/2019,38.51,FALSE
4/8/2019,38.49,FALSE
4/9/2019,38.47,FALSE
4/10/2019,38.49,FALSE
4/11/2019,38.47,FALSE
4/12/2019,38.48,FALSE
4/13/2019,38.49,FALSE
4/14/2019,38.47,FALSE
4/15/2019,38.46,FALSE
4/16/2019,38.5,FALSE
4/17/2019,38.52,FALSE
4/18/2019,38.51,FALSE
4/19/2019,38.48,FALSE
4/20/2019,38.45,FALSE
4/21/2019,38.48,FALSE
4/22/2019,38.51,FALSE
4/23/2019,38.5,FALSE
4/24/2019,38.5,FALSE
4/25/2019,38.5,FALSE
4/26/2019,38.49,FALSE
4/27/2019,38.49,FALSE
4/28/2019,38.49,FALSE
4/29/2019,38.48,FALSE
4/30/2019,38.5,FALSE
5/1/2019,38.52,FALSE
5/2/2019,38.52,FALSE
5/3/2019,38.51,FALSE
5/4/2019,38.5,FALSE
5/5/2019,38.5,FALSE
5/6/2019,38.51,FALSE
5/7/2019,38.52,FALSE
5/8/2019,38.53,FALSE
5/9/2019,38.51,FALSE
5/10/2019,38.53,FALSE
5/11/2019,38.53,FALSE
5/12/2019,38.53,FALSE
5/13/2019,38.54,FALSE
5/14/2019,38.53,FALSE
5/15/2019,38.51,FALSE
5/16/2019,38.5,FALSE
5/17/2019,38.53,FALSE
5/18/2019,38.53,FALSE
5/19/2019,38.5,FALSE
5/20/2019,38.53,FALSE
5/21/2019,38.53,FALSE
5/22/2019,38.53,FALSE
5/23/2019,38.55,FALSE
5/24/2019,38.55,FALSE
5/25/2019,38.53,FALSE
5/26/2019,38.52,FALSE
5/27/2019,38.55,FALSE
5/28/2019,38.56,FALSE
5/29/2019,38.57,FALSE
5/30/2019,38.57,FALSE
5/31/2019,38.58,FALSE
6/1/2019,38.57,FALSE
6/2/2019,38.58,FALSE
6/3/2019,38.59,FALSE
6/4/2019,38.6,FALSE
6/5/2019,38.59,FALSE
6/6/2019,38.58,FALSE
6/7/2019,38.59,FALSE
6/8/2019,38.63,FALSE
6/9/2019,38.63,FALSE
6/10/2019,38.62,FALSE
6/11/2019,38.62,FALSE
6/12/2019,38.6,FALSE
6/13/2019,38.59,FALSE
6/14/2019,38.6,FALSE
6/15/2019,38.61,FALSE
6/16/2019,38.61,FALSE
6/17/2019,38.62,FALSE
6/18/2019,38.63,FALSE
6/19/2019,38.62,FALSE
6/20/2019,38.61,FALSE
6/21/2019,38.63,FALSE
6/22/2019,38.65,FALSE
6/23/2019,38.64,FALSE
6/24/2019,38.63,FALSE
6/25/2019,38.63,FALSE
6/26/2019,38.63,FALSE
6/27/2019,38.65,FALSE
6/28/2019,38.65,FALSE
6/29/2019,38.66,FALSE
6/30/2019,38.65,FALSE
7/1/2019,38.65,FALSE
7/2/2019,38.64,FALSE
7/3/2019,38.64,FALSE
7/4/2019,38.66,FALSE
7/5/2019,38.67,FALSE
7/6/2019,38.66,FALSE
7/7/2019,38.65,FALSE
7/8/2019,38.65,FALSE
7/9/2019,38.67,FALSE
7/10/2019,38.67,FALSE
7/11/2019,38.66,FALSE
7/12/2019,38.65,FALSE
7/13/2019,38.66,FALSE
7/14/2019,38.66,FALSE
7/15/2019,38.66,FALSE
7/16/2019,38.65,FALSE
7/17/2019,38.67,FALSE
7/18/2019,38.67,FALSE
7/19/2019,38.67,FALSE
7/20/2019,38.68,FALSE
7/21/2019,38.68,FALSE
7/22/2019,38.69,FALSE
7/23/2019,38.69,FALSE
7/24/2019,38.68,FALSE
7/25/2019,38.68,FALSE
7/26/2019,38.69,FALSE
7/27/2019,38.69,FALSE
7/28/2019,38.68,FALSE
7/29/2019,38.67,FALSE
7/30/2019,38.67,FALSE
7/31/2019,38.68,FALSE
8/1/2019,38.69,FALSE
8/2/2019,38.69,FALSE
8/3/2019,38.68,FALSE
8/4/2019,38.68,FALSE
8/5/2019,38.68,FALSE
8/6/2019,38.68,FALSE
8/7/2019,38.68,FALSE
8/8/2019,38.68,FALSE
8/9/2019,38.67,FALSE
8/10/2019,38.67,FALSE
8/11/2019,38.69,FALSE
8/12/2019,38.69,FALSE
8/13/2019,38.69,FALSE
8/14/2019,38.69,FALSE
8/15/2019,38.68,FALSE
8/16/2019,38.67,FALSE
8/17/2019,38.66,FALSE
8/18/2019,38.67,FALSE
8/19/2019,38.68,FALSE
8/20/2019,38.68,FALSE
8/21/2019,38.67,FALSE
8/22/2019,38.66,FALSE
8/23/2019,38.67,FALSE
8/24/2019,38.68,FALSE
8/25/2019,38.68,FALSE
8/26/2019,38.68,FALSE
8/27/2019,38.67,FALSE
8/28/2019,38.67,FALSE
8/29/2019,38.67,FALSE
8/30/2019,38.67,FALSE
8/31/2019,38.67,FALSE
9/1/2019,38.67,FALSE
9/2/2019,38.67,FALSE
9/3/2019,38.67,FALSE
9/4/2019,38.67,FALSE
9/5/2019,38.67,FALSE
9/6/2019,38.66,FALSE
9/7/2019,38.64,FALSE
9/8/2019,38.64,FALSE
9/9/2019,38.64,FALSE
9/10/2019,38.64,TRUE
9/11/2019,38.64,FALSE
9/12/2019,38.64,FALSE
9/13/2019,38.62,FALSE
9/14/2019,38.61,FALSE
9/15/2019,38.59,FALSE
9/16/2019,38.59,FALSE
9/17/2019,38.61,FALSE
9/18/2019,38.59,FALSE
9/19/2019,38.6,FALSE
9/20/2019,38.62,FALSE
9/21/2019,38.62,FALSE
9/22/2019,38.61,FALSE
9/23/2019,38.62,FALSE
9/24/2019,38.63,FALSE
9/25/2019,38.61,FALSE
9/26/2019,38.6,FALSE
9/27/2019,38.58,FALSE
9/28/2019,38.55,FALSE
9/29/2019,38.59,FALSE
9/30/2019,38.6,FALSE
10/1/2019,38.61,FALSE
10/2/2019,38.63,FALSE
10/3/2019,38.63,FALSE
10/4/2019,38.65,FALSE
10/5/2019,38.65,FALSE
10/6/2019,38.65,FALSE
10/7/2019,38.63,FALSE
10/8/2019,38.6,FALSE
10/9/2019,38.62,FALSE
10/10/2019,38.65,FALSE
10/11/2019,38.64,FALSE
10/12/2019,38.62,FALSE
10/13/2019,38.61,FALSE
10/14/2019,38.63,FALSE
10/15/2019,38.65,FALSE
10/16/2019,38.62,FALSE
10/17/2019,38.6,FALSE
10/18/2019,38.63,FALSE
10/19/2019,38.62,FALSE
10/20/2019,38.64,FALSE
10/21/2019,38.65,FALSE
10/22/2019,38.65,FALSE
10/23/2019,38.64,FALSE
10/24/2019,38.65,FALSE
10/25/2019,38.63,FALSE
10/26/2019,38.58,FALSE
10/27/2019,38.61,FALSE
10/28/2019,38.6,FALSE
10/29/2019,38.62,FALSE
10/30/2019,38.65,FALSE
10/31/2019,38.63,FALSE
11/1/2019,38.64,FALSE
11/2/2019,38.63,FALSE
11/3/2019,38.61,FALSE
11/4/2019,38.62,FALSE
11/5/2019,38.63,FALSE
11/6/2019,38.62,FALSE
11/7/2019,38.64,FALSE
11/8/2019,38.64,FALSE
11/9/2019,38.62,FALSE
11/10/2019,38.61,FALSE
11/11/2019,38.63,FALSE
11/12/2019,38.62,FALSE
11/13/2019,38.61,FALSE
11/14/2019,38.61,FALSE
11/15/2019,38.62,FALSE
11/16/2019,38.63,FALSE
11/17/2019,38.63,FALSE
11/18/2019,38.6,FALSE
11/19/2019,38.56,FALSE
11/20/2019,38.56,FALSE
11/21/2019,38.6,FALSE
11/22/2019,38.63,FALSE
11/23/2019,38.63,FALSE
11/24/2019,38.61,FALSE
11/25/2019,38.57,FALSE
11/26/2019,38.56,FALSE
11/27/2019,38.53,FALSE
11/28/2019,38.56,FALSE
11/29/2019,38.57,FALSE
11/30/2019,38.63,FALSE
12/1/2019,38.62,FALSE
12/2/2019,38.63,FALSE
12/3/2019,38.62,FALSE
12/4/2019,38.58,FALSE
12/5/2019,38.61,FALSE
12/6/2019,38.61,FALSE
12/7/2019,38.59,FALSE
12/8/2019,38.59,FALSE
12/9/2019,38.62,FALSE
12/10/2019,38.62,FALSE
12/11/2019,38.61,FALSE
12/12/2019,38.62,FALSE
12/13/2019,38.59,FALSE
12/14/2019,38.58,FALSE
12/15/2019,38.6,FALSE
12/16/2019,38.64,FALSE
12/17/2019,38.62,FALSE
12/18/2019,38.59,FALSE
12/19/2019,38.61,FALSE
12/20/2019,38.63,FALSE
12/21/2019,38.6,FALSE
12/22/2019,38.58,FALSE
12/23/2019,38.58,FALSE
12/24/2019,38.57,FALSE
12/25/2019,38.58,FALSE
12/26/2019,38.6,FALSE
12/27/2019,38.6,FALSE
12/28/2019,38.62,FALSE
12/29/2019,38.61,FALSE
12/30/2019,38.62,FALSE
12/31/2019,38.62,FALSE
1/1/2020,38.59,FALSE
1/2/2020,38.61,FALSE
1/3/2020,38.63,FALSE
1/4/2020,38.62,FALSE
1/5/2020,38.63,FALSE
1/6/2020,38.63,FALSE
1/7/2020,38.59,FALSE
1/8/2020,38.57,FALSE
1/9/2020,38.58,FALSE
1/10/2020,38.61,FALSE
1/11/2020,38.58,FALSE
1/12/2020,38.57,FALSE
1/13/2020,38.58,FALSE
1/14/2020,38.58,FALSE
1/15/2020,38.59,FALSE
1/16/2020,38.56,FALSE
1/17/2020,38.62,FALSE
1/18/2020,38.63,FALSE
1/19/2020,38.62,FALSE
1/20/2020,38.58,FALSE
1/21/2020,38.58,FALSE
1/22/2020,38.6,FALSE
1/23/2020,38.6,FALSE
1/24/2020,38.58,FALSE
1/25/2020,38.6,FALSE
1/26/2020,38.59,FALSE
1/27/2020,38.61,FALSE
1/28/2020,38.59,FALSE
1/29/2020,38.6,FALSE
1/30/2020,38.61,FALSE
1/31/2020,38.62,FALSE
2/1/2020,38.6,FALSE
2/2/2020,38.53,FALSE
2/3/2020,38.57,FALSE
2/4/2020,38.6,FALSE
2/5/2020,38.59,FALSE
2/6/2020,38.58,FALSE
2/7/2020,38.59,FALSE
2/8/2020,38.56,FALSE
2/9/2020,38.59,FALSE
2/10/2020,38.6,FALSE
2/11/2020,38.6,FALSE
2/12/2020,38.59,FALSE
2/13/2020,38.58,FALSE
2/14/2020,38.59,FALSE
2/15/2020,38.59,FALSE
2/16/2020,38.59,FALSE
2/17/2020,38.59,FALSE
2/18/2020,38.59,FALSE
2/19/2020,38.6,FALSE
2/20/2020,38.6,FALSE
2/21/2020,38.59,FALSE
2/22/2020,38.57,FALSE
2/23/2020,38.59,FALSE
2/24/2020,38.61,FALSE
2/25/2020,38.61,FALSE
2/26/2020,38.6,FALSE
2/27/2020,38.6,FALSE
2/28/2020,38.58,FALSE
2/29/2020,38.54,FALSE
3/1/2020,38.56,FALSE
3/2/2020,38.59,FALSE
3/3/2020,38.59,FALSE
3/4/2020,38.59,FALSE
3/5/2020,38.59,FALSE
3/6/2020,38.57,FALSE
3/7/2020,38.54,FALSE
3/8/2020,38.57,FALSE
3/9/2020,38.59,FALSE
3/10/2020,38.59,FALSE
3/11/2020,38.58,FALSE
3/12/2020,38.57,FALSE
3/13/2020,38.54,FALSE
3/14/2020,38.56,FALSE
3/15/2020,38.57,FALSE
3/16/2020,38.57,FALSE
3/17/2020,38.55,FALSE
3/18/2020,38.56,FALSE
3/19/2020,38.58,FALSE
3/20/2020,38.6,FALSE
3/21/2020,38.59,FALSE
3/22/2020,38.58,FALSE
3/23/2020,38.57,FALSE
3/24/2020,38.56,FALSE
3/25/2020,38.56,FALSE
3/26/2020,38.56,FALSE
3/27/2020,38.58,FALSE
3/28/2020,38.59,FALSE
3/29/2020,38.58,FALSE
3/30/2020,38.59,FALSE
3/31/2020,38.57,FALSE
4/1/2020,38.55,FALSE
4/2/2020,38.58,FALSE
4/3/2020,38.56,FALSE
4/4/2020,38.55,FALSE
4/5/2020,38.54,FALSE
4/6/2020,38.57,FALSE
4/7/2020,38.59,FALSE
4/8/2020,38.58,FALSE
4/9/2020,38.58,FALSE
4/10/2020,38.57,FALSE
4/11/2020,38.56,FALSE
4/12/2020,38.57,FALSE
4/13/2020,38.59,FALSE
4/14/2020,38.59,FALSE
4/15/2020,38.56,FALSE
4/16/2020,38.56,FALSE
4/17/2020,38.56,FALSE
4/18/2020,38.55,FALSE
4/19/2020,38.56,FALSE
4/20/2020,38.57,FALSE
4/21/2020,38.58,FALSE
4/22/2020,38.58,FALSE
4/23/2020,38.57,FALSE
4/24/2020,38.58,FALSE
4/25/2020,38.57,FALSE
4/26/2020,38.56,FALSE
4/27/2020,38.57,FALSE
4/28/2020,38.58,FALSE
4/29/2020,38.56,FALSE
4/30/2020,38.55,FALSE
5/1/2020,38.55,FALSE
5/2/2020,38.55,FALSE
5/3/2020,38.56,FALSE
5/4/2020,38.57,FALSE
5/5/2020,38.56,FALSE
5/6/2020,38.56,FALSE
5/7/2020,38.56,FALSE
5/8/2020,38.55,FALSE
5/9/2020,38.55,FALSE
5/10/2020,38.53,FALSE
5/11/2020,38.52,FALSE
5/12/2020,38.52,FALSE
5/13/2020,38.54,FALSE
5/14/2020,38.54,FALSE
5/15/2020,38.55,FALSE
5/16/2020,38.53,FALSE
5/17/2020,38.51,FALSE
5/18/2020,38.52,FALSE
5/19/2020,38.52,FALSE
5/20/2020,38.54,FALSE
5/21/2020,38.54,FALSE
5/22/2020,38.53,FALSE
5/23/2020,38.55,FALSE
5/24/2020,38.55,FALSE
5/25/2020,38.55,FALSE
5/26/2020,38.54,FALSE
5/27/2020,38.54,FALSE
5/28/2020,38.54,FALSE
5/29/2020,38.53,FALSE
5/30/2020,38.51,FALSE
5/31/2020,38.52,FALSE
6/1/2020,38.54,FALSE
6/2/2020,38.55,FALSE
6/3/2020,38.53,FALSE
6/4/2020,38.51,FALSE
6/5/2020,38.49,FALSE
6/6/2020,38.49,FALSE
6/7/2020,38.51,FALSE
6/8/2020,38.54,FALSE
6/9/2020,38.54,FALSE
6/10/2020,38.52,FALSE
6/11/2020,38.51,FALSE
6/12/2020,38.49,FALSE
6/13/2020,38.49,FALSE
6/14/2020,38.5,FALSE
6/15/2020,38.49,FALSE
6/16/2020,38.48,FALSE
6/17/2020,38.51,FALSE
6/18/2020,38.5,FALSE
6/19/2020,38.49,FALSE
6/20/2020,38.49,FALSE
6/21/2020,38.48,FALSE
6/22/2020,38.48,FALSE
6/23/2020,38.47,FALSE
6/24/2020,38.45,FALSE
6/25/2020,38.44,FALSE
6/26/2020,38.45,FALSE
6/27/2020,38.43,FALSE
6/28/2020,38.4,FALSE
6/29/2020,38.44,FALSE
6/30/2020,38.44,FALSE
7/1/2020,38.43,FALSE
7/2/2020,38.44,FALSE
7/3/2020,38.45,FALSE
7/4/2020,38.45,FALSE
7/5/2020,38.44,FALSE
7/6/2020,38.42,FALSE
7/7/2020,38.43,FALSE
7/8/2020,38.42,FALSE
7/9/2020,38.43,FALSE
7/10/2020,38.45,FALSE
7/11/2020,38.44,FALSE
7/12/2020,38.42,FALSE
7/13/2020,38.42,FALSE
7/14/2020,38.42,FALSE
7/15/2020,38.43,FALSE
7/16/2020,38.42,FALSE
7/17/2020,38.43,FALSE
7/18/2020,38.43,FALSE
7/19/2020,38.42,FALSE
7/20/2020,38.42,FALSE
7/21/2020,38.42,FALSE
7/22/2020,38.4,FALSE
7/23/2020,38.41,FALSE
7/24/2020,38.41,FALSE
7/25/2020,38.42,FALSE
7/26/2020,38.42,FALSE
7/27/2020,38.42,FALSE
7/28/2020,38.41,FALSE
7/29/2020,38.42,FALSE
7/30/2020,38.42,FALSE
7/31/2020,38.42,FALSE
8/1/2020,38.42,FALSE
8/2/2020,38.41,FALSE
8/3/2020,38.42,FALSE
8/4/2020,38.41,FALSE
8/5/2020,38.39,FALSE
8/6/2020,38.4,FALSE
8/7/2020,38.41,FALSE
8/8/2020,38.42,FALSE
8/9/2020,38.41,FALSE
8/10/2020,38.41,FALSE
8/11/2020,38.4,FALSE
8/12/2020,38.41,FALSE
8/13/2020,38.41,FALSE
8/14/2020,38.42,FALSE
8/15/2020,38.42,FALSE
8/16/2020,38.42,FALSE
8/17/2020,38.42,FALSE
8/18/2020,38.41,FALSE
8/19/2020,38.4,FALSE
8/20/2020,38.39,FALSE
8/21/2020,38.39,FALSE
8/22/2020,38.4,FALSE
8/23/2020,38.4,FALSE
8/24/2020,38.4,FALSE
8/25/2020,38.38,FALSE
8/26/2020,38.38,FALSE
8/27/2020,38.39,FALSE
8/28/2020,38.39,FALSE
8/29/2020,38.39,FALSE
8/30/2020,38.39,FALSE
8/31/2020,38.39,FALSE
9/1/2020,38.41,FALSE
9/2/2020,38.4,FALSE
9/3/2020,38.4,FALSE
9/4/2020,38.4,FALSE
9/5/2020,38.41,FALSE
9/6/2020,38.4,FALSE
9/7/2020,38.37,FALSE
9/8/2020,38.39,FALSE
9/9/2020,38.395,TRUE
9/10/2020,38.4,FALSE
9/11/2020,38.39,FALSE
9/12/2020,38.39,FALSE
9/13/2020,38.39,FALSE
9/14/2020,38.4,FALSE
9/15/2020,38.4,FALSE
9/16/2020,38.39,FALSE
9/17/2020,38.38,FALSE
9/18/2020,38.37,FALSE
9/19/2020,38.38,FALSE
9/20/2020,38.38,FALSE
9/21/2020,38.38,FALSE
9/22/2020,38.38,FALSE
9/23/2020,38.39,FALSE
9/24/2020,38.37,FALSE
9/25/2020,38.37,FALSE
9/26/2020,38.38,FALSE
9/27/2020,38.39,FALSE
9/28/2020,38.39,FALSE
9/29/2020,38.39,FALSE
9/30/2020,38.39,FALSE
10/1/2020,38.38,FALSE
10/2/2020,38.38,FALSE
10/3/2020,38.37,FALSE
10/4/2020,38.37,FALSE
10/5/2020,38.38,FALSE
10/6/2020,38.37,FALSE
10/7/2020,38.36,FALSE
10/8/2020,38.36,FALSE
10/9/2020,38.36,FALSE
10/10/2020,38.35,FALSE
10/11/2020,38.38,FALSE
10/12/2020,38.38,FALSE
10/13/2020,38.38,FALSE
10/14/2020,38.38,FALSE
10/15/2020,38.39,FALSE
10/16/2020,38.38,FALSE
10/17/2020,38.36,FALSE
10/18/2020,38.37,FALSE
10/19/2020,38.37,FALSE
10/20/2020,38.36,FALSE
10/21/2020,38.34,FALSE
10/22/2020,38.36,FALSE
10/23/2020,38.36,FALSE
10/24/2020,38.34,FALSE
10/25/2020,38.36,FALSE
10/26/2020,38.39,FALSE
10/27/2020,38.38,FALSE
10/28/2020,38.38,FALSE
10/29/2020,38.38,FALSE
10/30/2020,38.37,FALSE
10/31/2020,38.38,FALSE
11/1/2020,38.39,FALSE
11/2/2020,38.38,FALSE
11/3/2020,38.37,FALSE
11/4/2020,38.39,FALSE
11/5/2020,38.36,FALSE
11/6/2020,38.29,FALSE
11/7/2020,38.29,FALSE
11/8/2020,38.33,FALSE
11/9/2020,38.38,FALSE
11/10/2020,38.37,FALSE
11/11/2020,38.36,FALSE
11/12/2020,38.37,FALSE
11/13/2020,38.35,FALSE
11/14/2020,38.38,FALSE
11/15/2020,38.38,FALSE
11/16/2020,38.38,FALSE
11/17/2020,38.34,FALSE
11/18/2020,38.35,FALSE
11/19/2020,38.39,FALSE
11/20/2020,38.39,FALSE
11/21/2020,38.38,FALSE
11/22/2020,38.35,FALSE
11/23/2020,38.35,FALSE
11/24/2020,38.38,FALSE
11/25/2020,38.36,FALSE
11/26/2020,38.39,FALSE
11/27/2020,38.4,FALSE
11/28/2020,38.38,FALSE
11/29/2020,38.39,FALSE
11/30/2020,38.38,FALSE
12/1/2020,38.39,FALSE
12/2/2020,38.39,FALSE
12/3/2020,38.39,FALSE
12/4/2020,38.39,FALSE
12/5/2020,38.39,FALSE
12/6/2020,38.38,FALSE
12/7/2020,38.4,FALSE
12/8/2020,38.39,FALSE
12/9/2020,38.36,FALSE
12/10/2020,38.35,FALSE
12/11/2020,38.36,FALSE
12/12/2020,38.37,FALSE
12/13/2020,38.37,FALSE
12/14/2020,38.37,FALSE
12/15/2020,38.39,FALSE
12/16/2020,38.38,FALSE
12/17/2020,38.34,FALSE
12/18/2020,38.41,FALSE
12/19/2020,38.41,FALSE
12/20/2020,38.4,FALSE
12/21/2020,38.37,FALSE
12/22/2020,38.37,FALSE
12/23/2020,38.42,FALSE
12/24/2020,38.41,FALSE
12/25/2020,38.38,FALSE
12/26/2020,38.38,FALSE
12/27/2020,38.38,FALSE
12/28/2020,38.36,FALSE
12/29/2020,38.42,FALSE
12/30/2020,38.42,FALSE
12/31/2020,38.41,FALSE
1/1/2021,38.43,FALSE
1/2/2021,38.43,FALSE
1/3/2021,38.43,FALSE
1/4/2021,38.41,FALSE
1/5/2021,38.44,FALSE
1/6/2021,38.43,FALSE
1/7/2021,38.44,FALSE
1/8/2021,38.43,FALSE
1/9/2021,38.44,FALSE
1/10/2021,38.44,FALSE
1/11/2021,38.44,FALSE
1/12/2021,38.45,FALSE
1/13/2021,38.45,FALSE
1/14/2021,38.46,FALSE
1/15/2021,38.45,FALSE
1/16/2021,38.44,FALSE
1/17/2021,38.44,FALSE
1/18/2021,38.43,FALSE
1/19/2021,38.44,FALSE
1/20/2021,38.44,FALSE
1/21/2021,38.42,FALSE
1/22/2021,38.39,FALSE
1/23/2021,38.41,FALSE
1/24/2021,38.41,FALSE
1/25/2021,38.39,FALSE
1/26/2021,38.43,FALSE
1/27/2021,38.45,FALSE
1/28/2021,38.44,FALSE
1/29/2021,38.44,FALSE
1/30/2021,38.49,FALSE
1/31/2021,38.49,FALSE
2/1/2021,38.47,FALSE
2/2/2021,38.46,FALSE
2/3/2021,38.47,FALSE
2/4/2021,38.5,FALSE
2/5/2021,38.48,FALSE
2/6/2021,38.48,FALSE
2/7/2021,38.47,FALSE
2/8/2021,38.47,FALSE
2/9/2021,38.48,FALSE
2/10/2021,38.49,FALSE
2/11/2021,38.48,FALSE
2/12/2021,38.48,FALSE
2/13/2021,38.46,FALSE
2/14/2021,38.5,FALSE
2/15/2021,38.49,FALSE
2/16/2021,38.51,FALSE
2/17/2021,38.53,FALSE
2/18/2021,38.54,FALSE
2/19/2021,38.51,FALSE
2/20/2021,38.5,FALSE
2/21/2021,38.53,FALSE
2/22/2021,38.5,FALSE
2/23/2021,38.48,FALSE
2/24/2021,38.49,FALSE
2/25/2021,38.48,FALSE
2/26/2021,38.45,FALSE
2/27/2021,38.47,FALSE
2/28/2021,38.51,FALSE
3/1/2021,38.5,FALSE
3/2/2021,38.48,FALSE
3/3/2021,38.47,FALSE
3/4/2021,38.52,FALSE
3/5/2021,38.51,FALSE
3/6/2021,38.49,FALSE
3/7/2021,38.51,FALSE
3/8/2021,38.5,FALSE
3/9/2021,38.5,FALSE
3/10/2021,38.49,FALSE
3/11/2021,38.51,FALSE
3/12/2021,38.52,FALSE
3/13/2021,38.53,FALSE
3/14/2021,38.52,FALSE
3/15/2021,38.48,FALSE
3/16/2021,38.52,FALSE
3/17/2021,38.53,FALSE
3/18/2021,38.53,FALSE
3/19/2021,38.51,FALSE
3/20/2021,38.49,FALSE
3/21/2021,38.51,FALSE
3/22/2021,38.49,FALSE
3/23/2021,38.5,FALSE
3/24/2021,38.49,FALSE
3/25/2021,38.46,FALSE
3/26/2021,38.53,FALSE
3/27/2021,38.55,FALSE
3/28/2021,38.53,FALSE
3/29/2021,38.5,FALSE
3/30/2021,38.54,FALSE
3/31/2021,38.55,FALSE
4/1/2021,38.52,FALSE
4/2/2021,38.53,FALSE
4/3/2021,38.53,FALSE
4/4/2021,38.53,FALSE
4/5/2021,38.51,FALSE
4/6/2021,38.54,FALSE
4/7/2021,38.53,FALSE
4/8/2021,38.54,FALSE
4/9/2021,38.54,FALSE
4/10/2021,38.53,FALSE
4/11/2021,38.53,FALSE
4/12/2021,38.53,FALSE
4/13/2021,38.51,FALSE
4/14/2021,38.52,FALSE
4/15/2021,38.55,FALSE
4/16/2021,38.56,FALSE
4/17/2021,38.57,FALSE
4/18/2021,38.57,FALSE
4/19/2021,38.55,FALSE
4/20/2021,38.53,FALSE
4/21/2021,38.53,FALSE
4/22/2021,38.54,FALSE
4/23/2021,38.56,FALSE
4/24/2021,38.54,FALSE
4/25/2021,38.53,FALSE
4/26/2021,38.54,FALSE
4/27/2021,38.59,FALSE
4/28/2021,38.62,FALSE
4/29/2021,38.62,FALSE
4/30/2021,38.6,FALSE
5/1/2021,38.57,FALSE
5/2/2021,38.59,FALSE
5/3/2021,38.6,FALSE
5/4/2021,38.61,FALSE
5/5/2021,38.62,FALSE
5/6/2021,38.6,FALSE
5/7/2021,38.59,FALSE
5/8/2021,38.61,FALSE
5/9/2021,38.6,FALSE
5/10/2021,38.62,FALSE
5/11/2021,38.63,FALSE
5/12/2021,38.63,FALSE
5/13/2021,38.62,FALSE
5/14/2021,38.61,FALSE
5/15/2021,38.6,FALSE
5/16/2021,38.62,FALSE
5/17/2021,38.65,FALSE
5/18/2021,38.64,FALSE
5/19/2021,38.61,FALSE
5/20/2021,38.61,FALSE
5/21/2021,38.6,FALSE
5/22/2021,38.64,FALSE
5/23/2021,38.65,FALSE
5/24/2021,38.66,FALSE
5/25/2021,38.65,FALSE
5/26/2021,38.67,FALSE
5/27/2021,38.64,FALSE
5/28/2021,38.6,FALSE
5/29/2021,38.59,FALSE
5/30/2021,38.6,FALSE
5/31/2021,38.6,FALSE
6/1/2021,38.6,FALSE
6/2/2021,38.59,FALSE
6/3/2021,38.58,FALSE
6/4/2021,38.59,FALSE
6/5/2021,38.58,FALSE
6/6/2021,38.57,FALSE
6/7/2021,38.58,FALSE
6/8/2021,38.59,FALSE
6/9/2021,38.59,FALSE
6/10/2021,38.62,FALSE
6/11/2021,38.59,FALSE
6/12/2021,38.6,FALSE
6/13/2021,38.6,FALSE
6/14/2021,38.6,FALSE
6/15/2021,38.61,FALSE
6/16/2021,38.62,FALSE
6/17/2021,38.61,FALSE
6/18/2021,38.59,FALSE
6/19/2021,38.57,FALSE
6/20/2021,38.57,FALSE
6/21/2021,38.57,FALSE
6/22/2021,38.56,FALSE
6/23/2021,38.57,FALSE
6/24/2021,38.57050633,TRUE
6/25/2021,38.57101266,TRUE
6/26/2021,38.57151899,TRUE
6/27/2021,38.57202532,TRUE
6/28/2021,38.57253165,TRUE
6/29/2021,38.57303797,TRUE
6/30/2021,38.5735443,TRUE
7/1/2021,,TRUE
7/2/2021,,TRUE
7/3/2021,,TRUE
7/4/2021,,TRUE
7/5/2021,,TRUE
7/6/2021,,TRUE
7/7/2021,,TRUE
7/8/2021,,TRUE
7/9/2021,,TRUE
7/10/2021,,TRUE
7/11/2021,,TRUE
7/12/2021,,TRUE
7/13/2021,,TRUE
7/14/2021,,TRUE
7/15/2021,,TRUE
7/16/2021,,TRUE
7/17/2021,,TRUE
7/18/2021,,TRUE
7/19/2021,,TRUE
7/20/2021,,TRUE
7/21/2021,,TRUE
7/22/2021,,TRUE
7/23/2021,,TRUE
7/24/2021,,TRUE
7/25/2021,,TRUE
7/26/2021,,TRUE
7/27/2021,,TRUE
7/28/2021,,TRUE
7/29/2021,,TRUE
7/30/2021,,TRUE
7/31/2021,,TRUE
8/1/2021,,TRUE
8/2/2021,,TRUE
8/3/2021,,TRUE
8/4/2021,,TRUE
8/5/2021,,TRUE
8/6/2021,,TRUE
8/7/2021,,TRUE
8/8/2021,,TRUE
8/9/2021,,TRUE
8/10/2021,,TRUE
8/11/2021,,TRUE
8/12/2021,,TRUE
8/13/2021,,TRUE
8/14/2021,,TRUE
8/15/2021,,TRUE
8/16/2021,,TRUE
8/17/2021,,TRUE
8/18/2021,,TRUE
8/19/2021,,TRUE
8/20/2021,,TRUE
8/21/2021,,TRUE
8/22/2021,,TRUE
8/23/2021,,TRUE
8/24/2021,,TRUE
8/25/2021,,TRUE
8/26/2021,,TRUE
8/27/2021,,TRUE
8/28/2021,,TRUE
8/29/2021,,TRUE
8/30/2021,,TRUE
8/31/2021,,TRUE
9/1/2021,,TRUE
9/2/2021,,TRUE
9/3/2021,,TRUE
9/4/2021,,TRUE
9/5/2021,,TRUE
9/6/2021,,TRUE
9/7/2021,,TRUE
9/8/2021,,TRUE
9/9/2021,,TRUE
9/10/2021,38.61,FALSE
9/11/2021,38.62,FALSE
9/12/2021,38.61,FALSE
9/13/2021,38.61,FALSE
9/14/2021,38.62,FALSE
9/15/2021,38.61,FALSE
9/16/2021,38.62,TRUE
9/17/2021,38.63,FALSE
9/18/2021,38.62,FALSE
9/19/2021,38.62,FALSE
9/20/2021,38.65,FALSE
9/21/2021,38.65,FALSE
9/22/2021,38.63,FALSE
9/23/2021,38.63,FALSE
9/24/2021,38.63,FALSE
9/25/2021,38.62,FALSE
9/26/2021,38.62,FALSE
9/27/2021,38.61,FALSE
9/28/2021,38.62,FALSE
9/29/2021,38.64,FALSE
9/30/2021,38.64,FALSE
10/1/2021,38.64,FALSE
10/2/2021,38.64,FALSE
10/3/2021,38.64,FALSE
10/4/2021,38.63,FALSE
10/5/2021,38.63,FALSE
10/6/2021,38.63,FALSE
10/7/2021,38.63,FALSE
10/8/2021,38.62,FALSE
10/9/2021,38.65,FALSE
10/10/2021,38.63,FALSE
10/11/2021,38.59,FALSE
10/12/2021,38.63,FALSE
10/13/2021,38.64,FALSE
10/14/2021,38.66,FALSE
10/15/2021,38.67,FALSE
10/16/2021,38.65,FALSE
10/17/2021,38.61,FALSE
10/18/2021,38.61,FALSE
10/19/2021,38.65,FALSE
10/20/2021,38.66,FALSE
10/21/2021,38.66,FALSE
10/22/2021,38.62,FALSE
10/23/2021,38.62,FALSE
10/24/2021,38.61,FALSE
10/25/2021,38.6,FALSE
10/26/2021,38.65,FALSE
10/27/2021,38.67,FALSE
10/28/2021,38.67,FALSE
10/29/2021,38.64,FALSE
10/30/2021,38.63,FALSE
10/31/2021,38.64,FALSE
11/1/2021,38.65,FALSE
11/2/2021,38.67,FALSE
11/3/2021,38.67,FALSE
11/4/2021,38.65,FALSE
11/5/2021,38.65,FALSE
11/6/2021,38.65,FALSE
11/7/2021,38.66,FALSE
11/8/2021,38.66,FALSE
11/9/2021,38.66,FALSE
11/10/2021,38.69,FALSE
11/11/2021,38.69,FALSE
11/12/2021,38.69,FALSE
11/13/2021,38.68,FALSE
11/14/2021,38.68,FALSE
11/15/2021,38.66,FALSE
11/16/2021,38.66,FALSE
11/17/2021,38.68,FALSE
11/18/2021,38.67,FALSE
11/19/2021,38.67,FALSE
11/20/2021,38.69,FALSE
11/21/2021,38.7,FALSE
11/22/2021,38.67,FALSE
11/23/2021,38.65,FALSE
11/24/2021,38.7,FALSE
11/25/2021,38.7,FALSE
11/26/2021,38.67,FALSE
11/27/2021,38.68,FALSE
11/28/2021,38.69,FALSE
11/29/2021,38.68,FALSE
11/30/2021,38.69,FALSE
12/1/2021,38.69,FALSE
12/2/2021,38.68,FALSE
12/3/2021,38.68,FALSE
12/4/2021,38.69,FALSE
12/5/2021,38.69,FALSE
12/6/2021,38.67,FALSE
12/7/2021,38.67,FALSE
12/8/2021,38.66,FALSE
12/9/2021,38.65,FALSE
12/10/2021,38.7,FALSE
12/11/2021,38.69,FALSE
12/12/2021,38.67,FALSE
12/13/2021,38.66,FALSE
12/14/2021,38.64,FALSE
12/15/2021,38.69,FALSE
12/16/2021,38.68,FALSE
12/17/2021,38.71,FALSE
12/18/2021,38.7,FALSE
12/19/2021,38.69,FALSE
12/20/2021,38.7,FALSE
12/21/2021,38.7,FALSE
12/22/2021,38.68,FALSE
12/23/2021,38.65,FALSE
12/24/2021,38.64,FALSE
12/25/2021,38.66,FALSE
12/26/2021,38.66,FALSE
12/27/2021,38.65,FALSE
12/28/2021,38.67,FALSE
12/29/2021,38.68,FALSE
12/30/2021,38.68,FALSE
12/31/2021,38.68,FALSE
1/1/2022,38.74,FALSE
1/2/2022,38.72,FALSE
1/3/2022,38.69,FALSE
1/4/2022,38.71,FALSE
1/5/2022,38.71,FALSE
1/6/2022,38.7,FALSE
1/7/2022,38.68,FALSE
1/8/2022,38.73,FALSE
1/9/2022,38.75,FALSE
1/10/2022,38.74,FALSE
1/11/2022,38.74,FALSE
1/12/2022,38.73,FALSE
1/13/2022,38.71,FALSE
1/14/2022,38.74,FALSE
1/15/2022,38.73,FALSE
1/16/2022,38.71,FALSE
1/17/2022,38.7,FALSE
1/18/2022,38.71,FALSE
1/19/2022,38.73,FALSE
1/20/2022,38.73,FALSE
1/21/2022,38.72,FALSE
1/22/2022,38.74,FALSE
1/23/2022,38.73,FALSE
1/24/2022,38.71,FALSE
1/25/2022,38.73,FALSE
1/26/2022,38.73,FALSE
1/27/2022,38.75,FALSE
1/28/2022,38.75,FALSE
1/29/2022,38.72,FALSE
1/30/2022,38.72,FALSE
1/31/2022,38.71,FALSE
2/1/2022,38.71,FALSE
2/2/2022,38.73,FALSE
2/3/2022,38.75,FALSE
2/4/2022,38.76,FALSE
2/5/2022,38.75,FALSE
2/6/2022,38.76,FALSE
2/7/2022,38.75,FALSE
2/8/2022,38.76,FALSE
2/9/2022,38.75,FALSE
2/10/2022,38.75,FALSE
2/11/2022,38.75,FALSE
2/12/2022,38.75,FALSE
2/13/2022,38.75,FALSE
2/14/2022,38.71,FALSE
2/15/2022,38.7,FALSE
2/16/2022,38.74,FALSE
2/17/2022,38.77,FALSE
2/18/2022,38.77,FALSE
2/19/2022,38.74,FALSE
2/20/2022,38.71,FALSE
2/21/2022,38.7,FALSE
2/22/2022,38.71,FALSE
2/23/2022,38.75,FALSE
2/24/2022,38.77,FALSE
2/25/2022,38.78,FALSE
2/26/2022,38.78,FALSE
2/27/2022,38.78,FALSE
2/28/2022,38.77,FALSE
3/1/2022,38.77,FALSE
3/2/2022,38.75,FALSE
3/3/2022,38.73,FALSE
3/4/2022,38.72,FALSE
3/5/2022,38.73,FALSE
3/6/2022,38.78,FALSE
3/7/2022,38.79,FALSE
3/8/2022,38.76,FALSE
3/9/2022,38.74,FALSE
3/10/2022,38.78,FALSE
3/11/2022,38.8,FALSE
3/12/2022,38.77,FALSE
3/13/2022,38.76,FALSE
3/14/2022,38.79,FALSE
3/15/2022,38.78,FALSE
3/16/2022,38.78,FALSE
3/17/2022,38.78,FALSE
3/18/2022,38.78,FALSE
3/19/2022,38.74,FALSE
3/20/2022,38.78,FALSE
3/21/2022,38.8,FALSE
3/22/2022,38.8,FALSE
3/23/2022,38.79,FALSE
3/24/2022,38.78,FALSE
3/25/2022,38.78,FALSE
3/26/2022,38.76,FALSE
3/27/2022,38.75,FALSE
3/28/2022,38.75,FALSE
3/29/2022,38.78,FALSE
3/30/2022,38.79,FALSE
3/31/2022,38.78,FALSE
4/1/2022,38.79,FALSE
4/2/2022,38.8,FALSE
4/3/2022,38.78,FALSE
4/4/2022,38.78,FALSE
4/5/2022,38.8,FALSE
4/6/2022,38.82,FALSE
4/7/2022,38.81,FALSE
4/8/2022,38.78,FALSE
4/9/2022,38.76,FALSE
4/10/2022,38.76,FALSE
4/11/2022,38.73,FALSE
4/12/2022,38.78,FALSE
4/13/2022,38.79,FALSE
4/14/2022,38.78,FALSE
4/15/2022,38.79,FALSE
4/16/2022,38.79,FALSE
4/17/2022,38.82,FALSE
4/18/2022,38.78,FALSE
4/19/2022,38.78,FALSE
4/20/2022,38.78,FALSE
4/21/2022,38.78,FALSE
4/22/2022,38.79,FALSE
4/23/2022,38.82,FALSE
4/24/2022,38.82,FALSE
4/25/2022,38.8,FALSE
4/26/2022,38.79,FALSE
4/27/2022,38.79,FALSE
4/28/2022,38.79,FALSE
4/29/2022,38.82,FALSE
4/30/2022,38.79,FALSE
5/1/2022,38.8,FALSE
5/2/2022,38.79,FALSE
5/3/2022,38.82,FALSE
5/4/2022,38.82,FALSE
5/5/2022,38.8,FALSE
5/6/2022,38.8,FALSE
5/7/2022,38.79,FALSE
5/8/2022,38.78,FALSE
5/9/2022,38.81,FALSE
5/10/2022,38.82,FALSE
5/11/2022,38.82,FALSE
5/12/2022,38.84,FALSE
5/13/2022,38.83,FALSE
5/14/2022,38.83,FALSE
5/15/2022,38.81,FALSE
5/16/2022,38.81,FALSE
5/17/2022,38.83,FALSE
5/18/2022,38.83,FALSE
5/19/2022,38.79,FALSE
5/20/2022,38.81,FALSE
5/21/2022,38.83,FALSE
5/22/2022,38.83,FALSE
5/23/2022,38.83,FALSE
5/24/2022,38.83,FALSE
5/25/2022,38.83,FALSE
5/26/2022,38.82,FALSE
5/27/2022,38.82,FALSE
5/28/2022,38.8,FALSE
5/29/2022,38.81,FALSE
5/30/2022,38.83,FALSE
5/31/2022,38.84,FALSE
6/1/2022,38.83,FALSE
6/2/2022,38.82,FALSE
6/3/2022,38.82,FALSE
6/4/2022,38.83,FALSE
6/5/2022,38.83,FALSE
6/6/2022,38.84,FALSE
6/7/2022,38.84,FALSE
6/8/2022,38.83,FALSE
6/9/2022,38.84,FALSE
6/10/2022,38.84,FALSE
6/11/2022,38.84,FALSE
6/12/2022,38.81,FALSE
6/13/2022,38.84,FALSE
6/14/2022,38.85,FALSE
6/15/2022,38.84,FALSE
6/16/2022,38.82,FALSE
6/17/2022,38.81,FALSE
6/18/2022,38.83,FALSE
6/19/2022,38.86,FALSE
6/20/2022,38.86,FALSE
6/21/2022,38.86,FALSE
6/22/2022,38.85,FALSE
6/23/2022,38.84,FALSE
6/24/2022,38.85,FALSE
6/25/2022,38.86,FALSE
6/26/2022,38.86,FALSE
6/27/2022,38.86,FALSE
6/28/2022,38.85,FALSE
6/29/2022,38.85,FALSE
6/30/2022,38.84,FALSE
7/1/2022,38.84,FALSE
7/2/2022,38.83,FALSE
7/3/2022,38.84,FALSE
7/4/2022,38.85,FALSE
7/5/2022,38.85,FALSE
7/6/2022,38.85,FALSE
7/7/2022,38.86,FALSE
7/8/2022,38.87,FALSE
7/9/2022,38.87,FALSE
7/10/2022,38.87,FALSE
7/11/2022,38.86,FALSE
7/12/2022,38.85,FALSE
7/13/2022,38.86,FALSE
7/14/2022,38.86,FALSE
7/15/2022,38.87,FALSE
7/16/2022,38.86,FALSE
7/17/2022,38.86,FALSE
7/18/2022,38.87,FALSE
7/19/2022,38.87,FALSE
7/20/2022,38.87,FALSE
7/21/2022,38.86,FALSE
7/22/2022,38.86,FALSE
7/23/2022,38.86,FALSE
7/24/2022,38.87,FALSE
7/25/2022,38.87,FALSE
7/26/2022,38.87,FALSE
7/27/2022,38.87,FALSE
7/28/2022,38.87,FALSE
7/29/2022,38.87,FALSE
7/30/2022,38.88,FALSE
7/31/2022,38.88,FALSE
8/1/2022,38.88,FALSE
8/2/2022,38.88,FALSE
8/3/2022,38.88,FALSE
8/4/2022,38.87,FALSE
8/5/2022,38.86,FALSE
8/6/2022,38.86,FALSE
8/7/2022,38.88,FALSE
8/8/2022,38.88,FALSE
8/9/2022,38.88,FALSE
8/10/2022,38.88,FALSE
8/11/2022,38.88,FALSE
8/12/2022,38.87,FALSE
8/13/2022,38.88,FALSE
8/14/2022,38.88,FALSE
8/15/2022,38.88,FALSE
8/16/2022,38.88,FALSE
8/17/2022,38.89,FALSE
8/18/2022,38.88,FALSE
8/19/2022,38.87,FALSE
8/20/2022,38.88,FALSE
8/21/2022,38.89,FALSE
8/22/2022,38.89,FALSE
8/23/2022,38.88,FALSE
8/24/2022,38.88,FALSE
8/25/2022,38.9,FALSE
8/26/2022,38.89,FALSE
8/27/2022,38.88,FALSE
8/28/2022,38.89,FALSE
8/29/2022,38.9,FALSE
8/30/2022,38.91,FALSE
8/31/2022,38.9,FALSE
9/1/2022,38.89,FALSE
9/2/2022,38.9,FALSE
9/3/2022,38.9,FALSE
9/4/2022,38.9,FALSE
9/5/2022,38.9,FALSE
9/6/2022,38.91,FALSE
9/7/2022,38.91,FALSE
9/8/2022,38.89,FALSE
9/9/2022,38.88,FALSE
9/10/2022,38.9,FALSE
9/11/2022,38.91,FALSE
9/12/2022,38.89,FALSE
9/13/2022,38.87,FALSE
9/14/2022,38.89,FALSE
9/15/2022,38.9,FALSE
9/16/2022,38.9,FALSE
9/17/2022,38.88,FALSE
9/18/2022,38.89,FALSE
9/19/2022,38.9,FALSE
9/20/2022,38.91,FALSE
9/21/2022,38.91,FALSE
9/22/2022,38.93,FALSE
9/23/2022,38.92,FALSE
9/24/2022,38.93,FALSE
9/25/2022,38.92,FALSE
9/26/2022,38.92,FALSE
9/27/2022,38.91,FALSE
9/28/2022,38.9,TRUE
9/29/2022,38.89,FALSE
9/30/2022,38.89,FALSE
10/1/2022,38.89,FALSE
10/2/2022,38.91,FALSE
10/3/2022,38.91,FALSE
10/4/2022,38.91,FALSE
10/5/2022,38.91,FALSE
10/6/2022,38.91,FALSE
10/7/2022,38.91,FALSE
10/8/2022,38.91,FALSE
10/9/2022,38.91,FALSE
10/10/2022,38.9,FALSE
10/11/2022,38.91,FALSE
10/12/2022,38.92,FALSE
10/13/2022,38.91,FALSE
10/14/2022,38.9,FALSE
10/15/2022,38.9,FALSE
10/16/2022,38.92,FALSE
10/17/2022,38.92,FALSE
10/18/2022,38.93,FALSE
10/19/2022,38.93,FALSE
10/20/2022,38.91,FALSE
10/21/2022,38.89,FALSE
10/22/2022,38.86,FALSE
10/23/2022,38.91,FALSE
10/24/2022,38.93,FALSE
10/25/2022,38.92,FALSE
10/26/2022,38.91,FALSE
10/27/2022,38.94,FALSE
10/28/2022,38.94,FALSE
10/29/2022,38.94,FALSE
10/30/2022,38.93,FALSE
10/31/2022,38.91,FALSE
11/1/2022,38.88,FALSE
11/2/2022,38.92,FALSE
11/3/2022,38.94,FALSE
11/4/2022,38.94,FALSE
11/5/2022,38.91,FALSE
11/6/2022,38.9,FALSE
11/7/2022,38.9,FALSE
11/8/2022,38.87,FALSE
11/9/2022,38.92,FALSE
11/10/2022,38.95,FALSE
11/11/2022,38.94,FALSE
11/12/2022,38.92,FALSE
11/13/2022,38.94,FALSE
11/14/2022,38.95,FALSE
11/15/2022,38.97,FALSE
11/16/2022,38.97,FALSE
11/17/2022,38.93,FALSE
11/18/2022,38.94,FALSE
11/19/2022,38.96,FALSE
11/20/2022,38.95,FALSE
11/21/2022,38.95,FALSE
11/22/2022,38.95,FALSE
11/23/2022,38.96,FALSE
11/24/2022,38.98,FALSE
11/25/2022,38.95,FALSE
11/26/2022,38.94,FALSE
11/27/2022,38.93,FALSE
11/28/2022,38.9,FALSE
11/29/2022,38.95,FALSE
11/30/2022,38.94,FALSE
12/1/2022,38.92,FALSE
12/2/2022,38.97,FALSE
12/3/2022,38.96,FALSE
12/4/2022,38.95,FALSE
12/5/2022,38.95,FALSE
12/6/2022,38.97,FALSE
12/7/2022,38.97,FALSE
12/8/2022,38.97,FALSE
12/9/2022,38.96,FALSE
12/10/2022,38.94,FALSE
12/11/2022,38.92,FALSE
12/12/2022,38.94,FALSE
12/13/2022,38.98,FALSE
12/14/2022,38.99,FALSE
12/15/2022,38.99,FALSE
12/16/2022,38.98,FALSE
12/17/2022,38.97,FALSE
12/18/2022,38.96,FALSE
12/19/2022,38.99,FALSE
12/20/2022,38.99,FALSE
12/21/2022,38.98,FALSE
12/22/2022,38.98,FALSE
12/23/2022,39,FALSE
12/24/2022,39.01,FALSE
12/25/2022,39,FALSE
12/26/2022,38.97,FALSE
12/27/2022,38.92,FALSE
12/28/2022,38.95,FALSE
12/29/2022,38.96,FALSE
12/30/2022,38.94,FALSE
12/31/2022,38.9,FALSE
1/1/2023,38.91,FALSE
1/2/2023,38.94,FALSE
1/3/2023,38.97,FALSE
1/4/2023,38.97,FALSE
1/5/2023,38.95,FALSE
1/6/2023,38.99,FALSE
1/7/2023,38.98,FALSE
1/8/2023,38.97,FALSE
1/9/2023,38.95,FALSE
1/10/2023,38.93,FALSE
1/11/2023,39,FALSE
1/12/2023,39,FALSE
1/13/2023,38.97,FALSE
1/14/2023,38.93,FALSE
1/15/2023,38.93,FALSE
1/16/2023,38.94,FALSE
1/17/2023,38.98,FALSE
1/18/2023,39,FALSE
1/19/2023,38.99,FALSE
1/20/2023,39.02,FALSE
1/21/2023,39.01,FALSE
1/22/2023,38.98,FALSE
1/23/2023,39.01,FALSE
1/24/2023,39.03,FALSE
1/25/2023,39.03,FALSE
1/26/2023,39.03,FALSE
1/27/2023,38.98,FALSE
1/28/2023,38.97,FALSE
1/29/2023,38.98,FALSE
1/30/2023,39.02,FALSE
1/31/2023,39.03,FALSE
2/1/2023,39.03,FALSE
2/2/2023,39.04,FALSE
2/3/2023,39.02,FALSE
2/4/2023,39.02,FALSE
2/5/2023,39.01,FALSE
2/6/2023,39.05,FALSE
2/7/2023,39.05,FALSE
2/8/2023,39.04,FALSE
2/9/2023,39.05,FALSE
2/10/2023,39.02,FALSE
2/11/2023,39.01,FALSE
2/12/2023,39.03,FALSE
2/13/2023,39,FALSE
2/14/2023,39.01,FALSE
2/15/2023,39.06,FALSE
2/16/2023,39.06,FALSE
2/17/2023,39.05,FALSE
2/18/2023,39.04,FALSE
2/19/2023,39.06,FALSE
2/20/2023,39.05,FALSE
2/21/2023,38.97,FALSE
2/22/2023,38.99,FALSE
2/23/2023,39.02,FALSE
2/24/2023,39.05,FALSE
2/25/2023,39.04,FALSE
2/26/2023,39.04,FALSE
2/27/2023,39.03,FALSE
2/28/2023,39.03,FALSE
3/1/2023,39.04,FALSE
3/2/2023,39.08,FALSE
3/3/2023,39.05,FALSE
3/4/2023,39.03,FALSE
3/5/2023,39.05,FALSE
3/6/2023,39.07,FALSE
3/7/2023,39.07,FALSE
3/8/2023,39.06,FALSE
3/9/2023,39.06,FALSE
3/10/2023,39.02,FALSE
3/11/2023,39.06,FALSE
3/12/2023,39.07,FALSE
3/13/2023,39.06,FALSE
3/14/2023,39.03,FALSE
3/15/2023,39.05,FALSE
3/16/2023,39.08,FALSE
3/17/2023,39.08,FALSE
3/18/2023,39.07,FALSE
3/19/2023,39.03,FALSE
3/20/2023,39.03,FALSE
3/21/2023,39.02,FALSE
3/22/2023,39.06,FALSE
3/23/2023,39.08,FALSE
3/24/2023,39.08,FALSE
3/25/2023,39.07,FALSE
3/26/2023,39.07,FALSE
3/27/2023,39.08,FALSE
3/28/2023,39.04,FALSE
3/29/2023,39.03,FALSE
3/30/2023,39.05,FALSE
3/31/2023,39.09,FALSE
4/1/2023,39.07,FALSE
4/2/2023,39.05,FALSE
4/3/2023,39.05,FALSE
4/4/2023,39.08,FALSE
4/5/2023,39.09,FALSE
4/6/2023,39.08,FALSE
4/7/2023,39.07,FALSE
4/8/2023,39.09,FALSE
4/9/2023,39.11,FALSE
4/10/2023,39.08,FALSE
4/11/2023,39.07,FALSE
4/12/2023,39.04,FALSE
4/13/2023,39.06,FALSE
4/14/2023,39.08,FALSE
4/15/2023,39.09,FALSE
4/16/2023,39.07,FALSE
4/17/2023,39.05,FALSE
4/18/2023,39.06,FALSE
4/19/2023,39.08,FALSE
4/20/2023,39.1,FALSE
4/21/2023,39.09,FALSE
4/22/2023,39.07,FALSE
4/23/2023,39.05,FALSE
4/24/2023,39.06,FALSE
4/25/2023,39.09,FALSE
4/26/2023,39.09,FALSE
4/27/2023,39.08,FALSE
4/28/2023,39.09,FALSE
4/29/2023,39.08,FALSE
4/30/2023,39.05,FALSE
5/1/2023,39.03,FALSE
5/2/2023,39.06,FALSE
5/3/2023,39.06,FALSE
5/4/2023,39.06,FALSE
5/5/2023,39.08,FALSE
5/6/2023,39.08,FALSE
5/7/2023,39.09,FALSE
5/8/2023,39.08,FALSE
5/9/2023,39.08,FALSE
5/10/2023,39.08,FALSE
5/11/2023,39.1,FALSE
5/12/2023,39.1,FALSE
5/13/2023,39.09,FALSE
5/14/2023,39.09,FALSE
5/15/2023,39.1,FALSE
5/16/2023,39.1,FALSE
5/17/2023,39.08,FALSE
5/18/2023,39.09,FALSE
5/19/2023,39.1,FALSE
5/20/2023,39.1,FALSE
5/21/2023,39.09,FALSE
5/22/2023,39.08,FALSE
5/23/2023,39.07,FALSE
5/24/2023,39.06,FALSE
5/25/2023,39.07,FALSE
5/26/2023,39.08,FALSE
5/27/2023,39.09,FALSE
5/28/2023,39.09,FALSE
5/29/2023,39.09,FALSE
5/30/2023,39.09,FALSE
5/31/2023,39.09,FALSE
6/1/2023,39.1,FALSE
6/2/2023,39.11,FALSE
6/3/2023,39.11,FALSE
6/4/2023,39.11,FALSE
6/5/2023,39.1,FALSE
6/6/2023,39.09,FALSE
6/7/2023,39.11,FALSE
6/8/2023,39.11,FALSE
6/9/2023,39.11,FALSE
6/10/2023,39.1,FALSE
6/11/2023,39.1,FALSE
6/12/2023,39.11,FALSE
6/13/2023,39.11,FALSE
6/14/2023,39.09,FALSE
6/15/2023,39.11,FALSE
6/16/2023,39.12,FALSE
6/17/2023,39.11,FALSE
6/18/2023,39.08,FALSE
6/19/2023,39.1,FALSE
6/20/2023,39.13,FALSE
6/21/2023,39.12,FALSE
6/22/2023,39.1,FALSE
6/23/2023,39.12,FALSE
6/24/2023,39.13,FALSE
6/25/2023,39.12,FALSE
6/26/2023,39.12,FALSE
6/27/2023,39.11,FALSE
6/28/2023,39.12,FALSE
6/29/2023,39.13,FALSE
6/30/2023,39.13,FALSE
7/1/2023,39.13,FALSE
7/2/2023,39.13,FALSE
7/3/2023,39.12,FALSE
7/4/2023,39.12,FALSE
7/5/2023,39.13,FALSE
7/6/2023,39.12,FALSE
7/7/2023,39.12,FALSE
7/8/2023,39.12,FALSE
7/9/2023,39.13,FALSE
7/10/2023,39.13,FALSE
7/11/2023,39.14,FALSE
7/12/2023,39.13,FALSE
7/13/2023,39.14,FALSE
7/14/2023,39.14,FALSE
7/15/2023,39.14,FALSE
7/16/2023,39.13,FALSE
7/17/2023,39.13,FALSE
7/18/2023,39.14,FALSE
7/19/2023,39.14,FALSE
7/20/2023,39.14,FALSE
7/21/2023,39.14,FALSE
7/22/2023,39.13,FALSE
7/23/2023,39.14,FALSE
7/24/2023,39.15,FALSE
7/25/2023,39.14,FALSE
7/26/2023,39.13,FALSE
7/27/2023,39.13,FALSE
7/28/2023,39.14,FALSE
7/29/2023,39.14,FALSE
7/30/2023,39.14,FALSE
7/31/2023,39.14,FALSE
8/1/2023,39.15,FALSE
8/2/2023,39.14,FALSE
8/3/2023,39.14,FALSE
8/4/2023,39.14,FALSE
8/5/2023,39.14,FALSE
8/6/2023,39.15,FALSE
8/7/2023,39.14,FALSE
8/8/2023,39.14,FALSE
8/9/2023,39.14,FALSE
8/10/2023,39.14,FALSE
8/11/2023,39.15,FALSE
8/12/2023,39.15,FALSE
8/13/2023,39.15,FALSE
8/14/2023,39.16,FALSE
8/15/2023,39.16,FALSE
8/16/2023,39.15,FALSE
8/17/2023,39.14,FALSE
8/18/2023,39.14,FALSE
8/19/2023,39.15,FALSE
8/20/2023,39.12,FALSE
8/21/2023,39.13,FALSE
8/22/2023,39.15,FALSE
8/23/2023,39.15,FALSE
8/24/2023,39.15,FALSE
8/25/2023,39.15,FALSE
8/26/2023,39.15,FALSE
8/27/2023,39.16,FALSE
8/28/2023,39.16,FALSE
8/29/2023,39.15,FALSE
8/30/2023,39.15,FALSE
8/31/2023,39.13,FALSE
9/1/2023,39.14,FALSE
9/2/2023,39.16,FALSE
9/3/2023,39.14,FALSE
9/4/2023,39.15,FALSE
9/5/2023,39.15,FALSE
9/6/2023,39.16,FALSE
9/7/2023,39.16,FALSE
9/8/2023,39.17,FALSE
9/9/2023,39.17,FALSE
9/10/2023,39.16,FALSE
9/11/2023,39.16,FALSE
9/12/2023,39.16,FALSE
9/13/2023,39.15,FALSE
9/14/2023,39.15,FALSE
9/15/2023,39.15,FALSE
9/16/2023,39.15,FALSE
9/17/2023,39.14,FALSE
9/18/2023,39.14,FALSE
9/19/2023,39.13,FALSE
9/20/2023,39.125,TRUE
9/21/2023,39.12,FALSE
9/22/2023,39.15,FALSE
9/23/2023,39.14,FALSE
9/24/2023,39.15,FALSE
9/25/2023,39.15,FALSE
9/26/2023,39.15,FALSE
9/27/2023,39.14,FALSE
9/28/2023,39.13,FALSE
9/29/2023,39.12,FALSE
9/30/2023,39.11,FALSE
10/1/2023,39.12,FALSE
10/2/2023,39.14,FALSE
10/3/2023,39.15,FALSE
10/4/2023,39.16,FALSE
10/5/2023,39.16,FALSE
10/6/2023,39.15,FALSE
10/7/2023,39.15,FALSE
10/8/2023,39.14,FALSE
10/9/2023,39.12,FALSE
10/10/2023,39.11,FALSE
10/11/2023,39.13,FALSE
10/12/2023,39.15,FALSE
10/13/2023,39.15,FALSE
10/14/2023,39.17,FALSE
10/15/2023,39.17,FALSE
10/16/2023,39.15,FALSE
10/17/2023,39.15,FALSE
10/18/2023,39.16,FALSE
10/19/2023,39.16,FALSE
10/20/2023,39.15,FALSE
10/21/2023,39.14,FALSE
10/22/2023,39.12,FALSE
10/23/2023,39.14,FALSE
10/24/2023,39.15,FALSE
10/25/2023,39.14,FALSE
10/26/2023,39.16,FALSE
10/27/2023,39.16,FALSE
10/28/2023,39.17,FALSE
10/29/2023,39.18,FALSE
10/30/2023,39.17,FALSE
10/31/2023,39.16,FALSE
11/1/2023,39.16,FALSE
11/2/2023,39.17,FALSE
11/3/2023,39.17,FALSE
11/4/2023,39.16,FALSE
11/5/2023,39.14,FALSE
11/6/2023,39.14,FALSE
11/7/2023,39.16,FALSE
11/8/2023,39.19,FALSE
11/9/2023,39.17,FALSE
11/10/2023,39.16,FALSE
11/11/2023,39.18,FALSE
11/12/2023,39.16,FALSE
11/13/2023,39.16,FALSE
11/14/2023,39.17,FALSE
11/15/2023,39.16,FALSE
11/16/2023,39.17,FALSE
11/17/2023,39.17,FALSE
11/18/2023,39.15,FALSE
11/19/2023,39.18,FALSE
11/20/2023,39.185,TRUE
11/21/2023,39.19,FALSE
11/22/2023,39.16,FALSE
11/23/2023,39.13,FALSE
11/24/2023,39.16,FALSE
11/25/2023,39.18,FALSE
11/26/2023,39.18,FALSE
11/27/2023,39.19,FALSE
11/28/2023,39.17,FALSE
11/29/2023,39.15,FALSE
11/30/2023,39.15,FALSE
12/1/2023,39.17,FALSE
12/2/2023,39.18,FALSE
12/3/2023,39.18333333,TRUE
12/4/2023,39.18666667,TRUE
12/5/2023,39.19,FALSE
12/6/2023,39.16,FALSE
12/7/2023,39.17,FALSE
12/8/2023,39.19,FALSE
12/9/2023,39.19,TRUE
12/10/2023,39.19,FALSE
12/11/2023,39.16,FALSE
12/12/2023,39.17,FALSE
12/13/2023,39.19,FALSE
12/14/2023,39.19,TRUE
12/15/2023,39.19,TRUE
12/16/2023,39.19,FALSE
12/17/2023,39.18,FALSE
12/18/2023,39.15,FALSE
12/19/2023,39.16,FALSE
12/20/2023,39.17,FALSE
12/21/2023,39.19,FALSE
12/22/2023,39.17,FALSE
12/23/2023,39.18,FALSE
12/24/2023,39.19,FALSE
12/25/2023,39.19,FALSE
12/26/2023,39.19,FALSE
12/27/2023,39.19,FALSE
12/28/2023,39.185,TRUE
12/29/2023,39.18,FALSE
12/30/2023,39.17,FALSE
12/31/2023,39.19,FALSE
1/1/2024,39.19,TRUE
1/2/2024,39.19,FALSE
1/3/2024,39.16,FALSE
1/4/2024,39.19,FALSE
1/5/2024,39.17,TRUE
1/6/2024,39.15,FALSE
1/7/2024,39.16,FALSE
1/8/2024,39.165,TRUE
1/9/2024,39.17,FALSE
1/10/2024,39.14,FALSE
1/11/2024,39.18,FALSE
1/12/2024,39.18,FALSE
1/13/2024,39.16,FALSE
1/14/2024,39.18,FALSE
1/15/2024,39.18,TRUE
1/16/2024,39.18,FALSE
1/17/2024,39.16,FALSE
1/18/2024,39.17,TRUE
1/19/2024,39.18,FALSE
1/20/2024,39.16,FALSE
1/21/2024,39.16,FALSE
1/22/2024,39.16,FALSE
1/23/2024,39.18,FALSE
1/24/2024,39.19,FALSE
1/25/2024,39.19,FALSE
1/26/2024,39.19,TRUE
1/27/2024,39.19,TRUE
1/28/2024,39.19,TRUE
1/29/2024,39.19,FALSE
1/30/2024,39.17,FALSE
1/31/2024,39.15,FALSE
2/1/2024,39.13,FALSE
2/2/2024,39.15,FALSE
2/3/2024,39.17,FALSE
2/4/2024,39.16,FALSE
2/5/2024,39.15,FALSE
2/6/2024,39.13,FALSE
2/7/2024,39.15,FALSE
2/8/2024,39.17,FALSE
2/9/2024,39.18,FALSE
2/10/2024,39.18,TRUE
2/11/2024,39.18,TRUE
2/12/2024,39.18,FALSE
2/13/2024,39.17,FALSE
2/14/2024,39.18,FALSE
2/15/2024,39.19,FALSE
2/16/2024,39.19,FALSE
2/17/2024,39.18,FALSE
2/18/2024,39.17,FALSE
2/19/2024,39.16,FALSE
2/20/2024,39.17,FALSE
2/21/2024,39.18,FALSE
2/22/2024,39.185,TRUE
2/23/2024,39.19,FALSE
2/24/2024,39.18,FALSE
2/25/2024,39.17,FALSE
2/26/2024,39.15,FALSE
2/27/2024,39.18,FALSE
2/28/2024,39.18,FALSE
2/29/2024,39.16,FALSE
3/1/2024,39.15,FALSE
3/2/2024,39.14,FALSE
3/3/2024,39.16,FALSE
3/4/2024,39.19,FALSE
3/5/2024,39.18,FALSE
3/6/2024,39.17,FALSE
3/7/2024,39.19,FALSE
3/8/2024,39.185,TRUE
3/9/2024,39.18,FALSE
3/10/2024,39.17,FALSE
3/11/2024,39.17,FALSE
3/12/2024,39.18,FALSE
3/13/2024,39.19,FALSE
3/14/2024,39.19,FALSE
3/15/2024,39.18,FALSE
3/16/2024,39.19,FALSE
3/17/2024,39.18666667,TRUE
3/18/2024,39.18333333,TRUE
3/19/2024,39.18,FALSE
3/20/2024,39.18,FALSE
3/21/2024,39.19,FALSE
3/22/2024,39.17,FALSE
3/23/2024,39.14,FALSE
3/24/2024,39.16,FALSE
3/25/2024,39.17,FALSE
3/26/2024,39.19,FALSE
3/27/2024,39.19,FALSE
3/28/2024,39.17,FALSE
3/29/2024,39.15,FALSE
3/30/2024,39.15,FALSE
3/31/2024,39.16,FALSE
4/1/2024,39.16333333,TRUE
4/2/2024,39.16666667,TRUE
4/3/2024,39.17,FALSE
4/4/2024,39.12,FALSE
4/5/2024,39.15,FALSE
4/6/2024,39.165,TRUE
4/7/2024,39.18,FALSE
4/8/2024,39.19,FALSE
4/9/2024,39.19,TRUE
4/10/2024,39.19,FALSE
4/11/2024,39.17,FALSE
4/12/2024,39.16,FALSE
4/13/2024,39.16,FALSE
4/14/2024,39.17,FALSE
4/15/2024,39.19,FALSE
4/16/2024,39.19,FALSE
4/17/2024,39.18,FALSE
4/18/2024,39.18,FALSE
4/19/2024,39.18,FALSE
4/20/2024,39.19,FALSE
4/21/2024,39.18,FALSE
4/22/2024,39.17,FALSE
4/23/2024,39.17,FALSE
4/24/2024,39.17,FALSE
4/25/2024,39.16,FALSE
4/26/2024,39.15,FALSE
4/27/2024,39.18,FALSE
4/28/2024,39.18,FALSE
4/29/2024,39.17,FALSE
4/30/2024,39.17,FALSE
5/1/2024,39.18,FALSE
5/2/2024,39.17,FALSE
5/3/2024,39.17,FALSE
5/4/2024,39.13,FALSE
5/5/2024,39.16,FALSE
5/6/2024,39.18,FALSE
5/7/2024,39.18,FALSE
5/8/2024,39.19,FALSE
5/9/2024,39.19,FALSE
5/10/2024,39.18,FALSE
5/11/2024,39.18,FALSE
5/12/2024,39.17,FALSE
5/13/2024,39.17,FALSE
5/14/2024,39.17,FALSE
5/15/2024,39.18,FALSE
5/16/2024,39.17,FALSE
5/17/2024,39.17,FALSE
5/18/2024,39.17,FALSE
5/19/2024,39.17,FALSE
5/20/2024,39.17,FALSE
5/21/2024,39.18,FALSE
5/22/2024,39.16,FALSE
5/23/2024,39.17,FALSE
5/24/2024,39.15,FALSE
5/25/2024,39.17,FALSE
5/26/2024,39.18,FALSE
5/27/2024,39.18,FALSE
5/28/2024,39.17,FALSE
5/29/2024,39.18,FALSE
5/30/2024,39.18,FALSE
5/31/2024,39.16,FALSE
6/1/2024,39.16,FALSE
6/2/2024,39.16,FALSE
6/3/2024,39.16,FALSE
6/4/2024,39.18,FALSE
6/5/2024,39.18,FALSE
6/6/2024,39.17,FALSE
6/7/2024,39.16,FALSE
6/8/2024,39.16,FALSE
6/9/2024,39.16,FALSE
6/10/2024,39.17,FALSE
6/11/2024,39.17,FALSE
6/12/2024,39.16,FALSE
6/13/2024,39.16,FALSE
6/14/2024,39.16,FALSE
6/15/2024,39.15,FALSE
6/16/2024,39.14,FALSE
6/17/2024,39.15,FALSE
6/18/2024,39.16,FALSE
6/19/2024,39.16,FALSE
6/20/2024,39.16,FALSE
6/21/2024,39.16,FALSE
6/22/2024,39.16,FALSE
6/23/2024,39.16,FALSE
6/24/2024,39.16,FALSE
6/25/2024,39.16,FALSE
6/26/2024,39.15,FALSE
6/27/2024,39.14,FALSE
6/28/2024,39.14,FALSE
6/29/2024,39.15,FALSE
6/30/2024,39.15,FALSE
7/1/2024,39.15,FALSE
7/2/2024,39.16,FALSE
7/3/2024,39.16,FALSE
7/4/2024,39.17,FALSE
7/5/2024,39.16,FALSE
7/6/2024,39.15,FALSE
7/7/2024,39.15,FALSE
7/8/2024,39.15,FALSE
7/9/2024,39.15,FALSE
7/10/2024,39.15,FALSE
7/11/2024,39.15,FALSE
7/12/2024,39.15,FALSE
7/13/2024,39.15,FALSE
7/14/2024,39.15,FALSE
7/15/2024,39.15,FALSE
7/16/2024,39.15,FALSE
7/17/2024,39.15,FALSE
7/18/2024,39.15,FALSE
7/19/2024,39.15,FALSE
7/20/2024,39.15,FALSE
7/21/2024,39.14,FALSE
7/22/2024,39.155,TRUE
7/23/2024,39.17,FALSE
7/24/2024,39.17,FALSE
7/25/2024,39.16,FALSE
7/26/2024,39.14,FALSE
7/27/2024,39.13,FALSE
7/28/2024,39.15,FALSE
7/29/2024,39.15,FALSE
7/30/2024,39.15,FALSE
7/31/2024,39.16,FALSE
8/1/2024,39.17,FALSE
8/2/2024,39.16,FALSE
8/3/2024,39.15,FALSE
8/4/2024,39.15,FALSE
8/5/2024,39.15,FALSE
8/6/2024,39.16,FALSE
8/7/2024,39.15,FALSE
8/8/2024,39.15,FALSE
8/9/2024,39.15,FALSE
8/10/2024,39.15,FALSE
8/11/2024,39.15,FALSE
8/12/2024,39.14,FALSE
8/13/2024,39.15,FALSE
8/14/2024,39.15,FALSE
8/15/2024,39.15,FALSE
8/16/2024,39.14,FALSE
8/17/2024,39.14,FALSE
8/18/2024,39.15,FALSE
8/19/2024,39.16,FALSE
8/20/2024,39.15,FALSE
8/21/2024,39.15,FALSE
8/22/2024,39.13,FALSE
8/23/2024,39.13,FALSE
8/24/2024,39.15,FALSE
8/25/2024,39.15,FALSE
8/26/2024,39.16,FALSE
8/27/2024,39.15,FALSE
8/28/2024,39.15,FALSE
8/29/2024,39.16,FALSE
8/30/2024,39.16,FALSE
8/31/2024,39.15,FALSE
9/1/2024,39.15,FALSE
9/2/2024,39.15,FALSE
9/3/2024,39.15,FALSE
9/4/2024,39.17,FALSE
9/5/2024,39.16,FALSE
9/6/2024,39.15,FALSE
9/7/2024,39.14,FALSE
9/8/2024,39.14,FALSE
9/9/2024,39.14,FALSE
9/10/2024,39.13,FALSE
9/11/2024,39.12,FALSE
9/12/2024,39.135,TRUE
9/13/2024,39.15,FALSE
9/14/2024,39.15,FALSE
9/15/2024,39.13,FALSE
9/16/2024,39.13,FALSE
9/17/2024,39.15,FALSE
9/18/2024,39.15,FALSE
9/19/2024,39.15,FALSE
9/20/2024,39.15,FALSE
9/21/2024,39.16,FALSE
9/22/2024,39.17,FALSE
9/23/2024,39.17,FALSE
9/24/2024,39.16,FALSE
9/25/2024,39.15,FALSE
9/26/2024,39.16,FALSE
9/27/2024,39.16,FALSE
9/28/2024,39.16,FALSE
9/29/2024,39.16,FALSE
9/30/2024,39.17,FALSE
10/1/2024,39.16,FALSE
10/2/2024,39.14,FALSE
10/3/2024,39.14,FALSE
10/4/2024,39.15,FALSE
10/5/2024,39.16,FALSE
10/6/2024,39.15,FALSE
10/7/2024,39.14,FALSE
10/8/2024,39.13,FALSE
10/9/2024,39.14,FALSE
10/10/2024,39.14,FALSE
10/11/2024,39.14,FALSE
10/12/2024,39.14,FALSE
10/13/2024,39.14,FALSE
10/14/2024,39.14,FALSE
10/15/2024,39.13,FALSE
10/16/2024,39.11,FALSE
10/17/2024,39.11,FALSE
10/18/2024,39.15,FALSE
10/19/2024,39.15,FALSE
10/20/2024,39.13,FALSE
10/21/2024,39.13,FALSE
10/22/2024,39.14,FALSE
10/23/2024,39.13,FALSE
10/24/2024,39.13,FALSE
10/25/2024,39.13,FALSE
10/26/2024,39.14,FALSE
10/27/2024,39.11,FALSE
10/28/2024,39.09,FALSE
10/29/2024,39.11,FALSE
10/30/2024,39.12,FALSE
10/31/2024,39.11,FALSE
11/1/2024,39.11,FALSE
11/2/2024,39.1,FALSE
11/3/2024,39.12,FALSE
11/4/2024,39.13,FALSE
11/5/2024,39.11,FALSE
11/6/2024,39.13,FALSE
11/7/2024,39.13,FALSE
11/8/2024,39.12,FALSE
11/9/2024,39.1,FALSE
11/10/2024,39.11,FALSE
11/11/2024,39.09,FALSE
11/12/2024,39.12,FALSE
11/13/2024,39.11,FALSE
11/14/2024,39.09,FALSE
11/15/2024,39.07,FALSE
11/16/2024,39.11,FALSE
11/17/2024,39.1,FALSE
11/18/2024,39.1,FALSE
11/19/2024,39.11,FALSE
11/20/2024,39.11,FALSE
11/21/2024,39.11,FALSE
11/22/2024,39.09,FALSE
11/23/2024,39.08,FALSE
11/24/2024,39.11,FALSE
11/25/2024,39.1,FALSE
11/26/2024,39.09,FALSE
11/27/2024,39.11,FALSE
11/28/2024,39.11,FALSE
11/29/2024,39.11,FALSE
11/30/2024,39.11,FALSE
12/1/2024,39.11,FALSE
12/2/2024,39.11,FALSE
12/3/2024,39.1,FALSE
12/4/2024,39.11,FALSE
12/5/2024,39.1,FALSE
12/6/2024,39.11,FALSE
12/7/2024,39.09,FALSE
12/8/2024,39.08,FALSE
12/9/2024,39.11,FALSE
12/10/2024,39.11,FALSE
12/11/2024,39.08,FALSE
12/12/2024,39.05,FALSE
12/13/2024,39.09,FALSE
12/14/2024,39.07,FALSE
12/15/2024,39.1,FALSE
12/16/2024,39.08,FALSE
12/17/2024,39.11,FALSE
12/18/2024,39.11,FALSE
12/19/2024,39.09,FALSE
12/20/2024,39.09,FALSE
12/21/2024,39.08,FALSE
12/22/2024,39.08,FALSE
12/23/2024,39.08,FALSE
12/24/2024,39.05,FALSE
12/25/2024,39.07,FALSE
12/26/2024,39.06,FALSE
12/27/2024,39.04,FALSE
12/28/2024,39.07,FALSE
12/29/2024,39.05,FALSE
12/30/2024,39.08,FALSE
12/31/2024,39.07,FALSE
1/1/2025,39.07,FALSE
1/2/2025,39.07,FALSE
1/3/2025,39.04,FALSE
1/4/2025,39.07,FALSE
1/5/2025,39.08,FALSE
1/6/2025,39.06,FALSE
1/7/2025,39.08,FALSE
1/8/2025,39.08,FALSE
1/9/2025,39.08,FALSE
1/10/2025,39.06,FALSE
1/11/2025,39.06,FALSE
1/12/2025,39.05,FALSE
1/13/2025,39.07,FALSE
1/14/2025,39.07,FALSE
1/15/2025,39.06,FALSE
1/16/2025,39.04,FALSE
1/17/2025,39.04,FALSE
1/18/2025,39.06,FALSE
1/19/2025,39.04,FALSE
1/20/2025,39.07,FALSE
1/21/2025,39.07,FALSE
1/22/2025,39.07,FALSE
1/23/2025,39.06,FALSE
1/24/2025,39.01,FALSE
1/25/2025,39,FALSE
1/26/2025,39.04,FALSE
1/27/2025,39.04,FALSE
1/28/2025,39.03,FALSE
1/29/2025,39.03,FALSE
1/30/2025,39.04,FALSE
1/31/2025,39.03,FALSE
2/1/2025,39.02,FALSE
2/2/2025,39.01,FALSE
2/3/2025,39.01,FALSE
2/4/2025,39,FALSE
2/5/2025,39.02,FALSE
2/6/2025,39.01,FALSE
2/7/2025,39.03,FALSE
2/8/2025,39.04,FALSE
2/9/2025,39.03,FALSE
2/10/2025,39.01,FALSE
2/11/2025,39,FALSE
2/12/2025,39,FALSE
2/13/2025,38.98,FALSE
2/14/2025,39.01,FALSE
2/15/2025,39.04,FALSE
2/16/2025,39.01,FALSE
2/17/2025,39.01,FALSE
2/18/2025,39.03,FALSE
2/19/2025,39.01,FALSE
2/20/2025,39.03,FALSE
2/21/2025,39.03,FALSE
2/22/2025,39.03,FALSE
2/23/2025,39.02,FALSE
2/24/2025,39.01,FALSE
2/25/2025,39.01,FALSE
2/26/2025,39.02,FALSE
2/27/2025,39.02,FALSE
2/28/2025,39,FALSE
3/1/2025,38.98,FALSE
3/2/2025,38.96,FALSE
3/3/2025,38.97,FALSE
3/4/2025,39,FALSE
3/5/2025,38.96,FALSE
3/6/2025,38.95,FALSE
3/7/2025,39.01,FALSE
3/8/2025,39.02,FALSE
3/9/2025,39,FALSE
3/10/2025,38.97,FALSE
3/11/2025,38.96,FALSE
3/12/2025,38.96,FALSE
3/13/2025,38.94,FALSE
3/14/2025,38.95,FALSE
3/15/2025,38.98,FALSE
3/16/2025,38.98,FALSE
3/17/2025,38.96,FALSE
3/18/2025,39,FALSE
3/19/2025,39,FALSE
3/20/2025,38.98,FALSE
3/21/2025,38.97,FALSE
3/22/2025,38.98,FALSE
3/23/2025,38.99,FALSE
3/24/2025,38.99,FALSE
3/25/2025,38.98,FALSE
3/26/2025,38.96,FALSE
3/27/2025,38.95,FALSE
3/28/2025,38.96,FALSE
3/29/2025,38.96,FALSE
3/30/2025,38.95,FALSE
3/31/2025,38.94,FALSE
4/1/2025,38.94,FALSE
4/2/2025,38.95,FALSE
4/3/2025,38.97,FALSE
4/4/2025,38.99,FALSE
4/5/2025,38.99,FALSE
4/6/2025,38.97,FALSE
4/7/2025,38.96,FALSE
4/8/2025,38.97,FALSE
4/9/2025,38.98,FALSE
4/10/2025,38.97,FALSE
4/11/2025,38.95,FALSE
4/12/2025,38.95,FALSE
4/13/2025,38.96,FALSE
4/14/2025,38.96,FALSE
4/15/2025,38.95,FALSE
4/16/2025,38.93,FALSE
4/17/2025,38.93,FALSE
4/18/2025,38.96,FALSE
4/19/2025,38.96,FALSE
4/20/2025,38.95,FALSE
4/21/2025,38.95,FALSE
4/22/2025,38.94,FALSE
4/23/2025,38.93,FALSE
4/24/2025,38.94,FALSE
4/25/2025,38.92,FALSE
4/26/2025,38.92,FALSE
4/27/2025,38.93,FALSE
4/28/2025,38.96,FALSE
4/29/2025,38.95,FALSE
4/30/2025,38.94,FALSE
5/1/2025,38.94,FALSE
5/2/2025,38.94,FALSE
5/3/2025,38.92,FALSE
5/4/2025,38.92,FALSE
5/5/2025,38.93,FALSE
5/6/2025,38.94,FALSE
5/7/2025,38.94,FALSE
5/8/2025,38.95,FALSE
5/9/2025,38.95,FALSE
5/10/2025,38.93,FALSE
5/11/2025,38.91,FALSE
5/12/2025,38.9,FALSE
5/13/2025,38.915,TRUE
5/14/2025,38.93,FALSE
5/15/2025,38.93,FALSE
5/16/2025,38.92,FALSE
5/17/2025,38.89,FALSE
5/18/2025,38.92,FALSE
5/19/2025,38.93,FALSE
5/20/2025,38.93,FALSE
5/21/2025,38.92,FALSE
5/22/2025,38.91,FALSE
5/23/2025,38.91,FALSE
5/24/2025,38.92,FALSE
5/25/2025,38.92,FALSE
5/26/2025,38.92,FALSE
5/27/2025,38.92,FALSE
5/28/2025,38.92,FALSE
5/29/2025,38.92,FALSE
5/30/2025,38.93,FALSE
5/31/2025,38.91,FALSE
6/1/2025,38.9,FALSE
6/2/2025,38.91,FALSE
6/3/2025,38.91,FALSE
6/4/2025,38.9,FALSE
6/5/2025,38.91,FALSE
6/6/2025,38.91,FALSE
6/7/2025,38.92,FALSE
6/8/2025,38.91,FALSE
6/9/2025,38.91,FALSE
6/10/2025,38.9,FALSE
6/11/2025,38.9,FALSE
6/12/2025,38.89,FALSE
6/13/2025,38.9,FALSE
6/14/2025,38.91,FALSE
6/15/2025,38.91,FALSE
6/16/2025,38.9,FALSE
6/17/2025,38.9,FALSE
6/18/2025,38.9,FALSE
6/19/2025,38.88,FALSE
6/20/2025,38.87,FALSE
6/21/2025,38.89,FALSE
6/22/2025,38.9,FALSE
6/23/2025,38.9,FALSE
6/24/2025,38.9,FALSE
6/25/2025,38.9,FALSE
6/26/2025,38.89,FALSE
6/27/2025,38.89,FALSE
6/28/2025,38.9,FALSE
6/29/2025,38.89,FALSE
6/30/2025,38.89,FALSE
7/1/2025,38.88,FALSE
7/2/2025,38.89,FALSE
7/3/2025,38.88,FALSE
7/4/2025,38.88,FALSE
7/5/2025,38.9,FALSE
7/6/2025,38.89,FALSE
7/7/2025,38.89,FALSE
7/8/2025,38.89,FALSE
7/9/2025,38.89,FALSE
7/10/2025,38.89,FALSE
7/11/2025,38.88,FALSE
7/12/2025,38.88,FALSE
7/13/2025,38.89,FALSE
7/14/2025,38.87,FALSE
7/15/2025,38.87,FALSE
7/16/2025,38.87,FALSE
7/17/2025,38.87,FALSE
7/18/2025,38.88,FALSE
7/19/2025,38.88,FALSE
7/20/2025,38.87,FALSE
7/21/2025,38.86,FALSE
7/22/2025,38.87,FALSE
7/23/2025,38.87,FALSE
7/24/2025,38.88,FALSE
7/25/2025,38.86,FALSE
7/26/2025,38.86,FALSE
7/27/2025,38.87,FALSE
7/28/2025,38.87,FALSE
7/29/2025,38.87,FALSE
7/30/2025,38.86,FALSE
7/31/2025,38.87,FALSE
8/1/2025,38.87,FALSE
8/2/2025,38.87,FALSE
8/3/2025,38.86,FALSE
8/4/2025,38.85,FALSE
8/5/2025,38.86,FALSE
8/6/2025,38.87,FALSE
8/7/2025,38.86,FALSE
8/8/2025,38.86,FALSE
8/9/2025,38.86,FALSE
8/10/2025,38.87,FALSE
8/11/2025,38.86,FALSE
8/12/2025,38.85,FALSE
8/13/2025,38.85,FALSE
8/14/2025,38.84,FALSE
8/15/2025,38.85,FALSE
8/16/2025,38.85,FALSE
8/17/2025,38.85,FALSE
8/18/2025,38.85,FALSE
8/19/2025,38.86,FALSE
8/20/2025,38.85,FALSE
8/21/2025,38.85,FALSE
8/22/2025,38.85,FALSE
8/23/2025,38.85,FALSE
8/24/2025,38.84,FALSE
8/25/2025,38.83,FALSE
8/26/2025,38.84,FALSE
8/27/2025,38.85,FALSE
8/28/2025,38.85,FALSE
8/29/2025,38.84,FALSE
8/30/2025,38.84,FALSE
8/31/2025,38.84,FALSE
9/1/2025,38.84,FALSE
9/2/2025,38.84,FALSE
9/3/2025,38.84,FALSE
9/4/2025,38.82,FALSE
9/5/2025,38.83,FALSE
9/6/2025,38.83,FALSE
9/7/2025,38.84,FALSE
9/8/2025,38.83,FALSE
9/9/2025,38.81,FALSE
9/10/2025,38.82,FALSE
9/11/2025,38.83,FALSE
9/12/2025,38.83,FALSE
9/13/2025,38.83,FALSE
9/14/2025,38.82,FALSE
9/15/2025,38.83,FALSE
9/16/2025,38.84,FALSE
9/17/2025,38.83,FALSE
9/18/2025,38.82,FALSE
9/19/2025,38.82,FALSE
9/20/2025,38.82,FALSE
9/21/2025,38.82,FALSE
9/22/2025,38.83,FALSE
9/23/2025,38.8,TRUE
9/24/2025,38.77,FALSE
9/25/2025,38.76,FALSE
9/26/2025,38.76,FALSE
9/27/2025,38.76,FALSE
9/28/2025,38.76,FALSE
9/29/2025,38.76,FALSE
9/30/2025,38.74,FALSE
10/1/2025,38.76,FALSE
10/2/2025,38.75,FALSE
10/3/2025,38.74,FALSE
10/4/2025,38.74,FALSE
10/5/2025,38.75,FALSE
10/6/2025,38.76,FALSE
10/7/2025,38.76,FALSE
10/8/2025,38.75,FALSE
10/9/2025,38.75,FALSE
10/10/2025,38.74,FALSE
10/11/2025,38.73,FALSE
10/12/2025,38.74,FALSE
10/13/2025,38.72,FALSE
10/14/2025,38.74,FALSE
10/15/2025,38.75,FALSE
10/16/2025,38.76,FALSE
10/17/2025,38.76,FALSE
10/18/2025,38.76,FALSE
10/19/2025,38.75,FALSE
10/20/2025,38.77,FALSE
10/21/2025,38.76,FALSE
10/22/2025,38.75,FALSE
10/23/2025,38.76,FALSE
10/24/2025,38.75,FALSE
10/25/2025,38.73,FALSE
10/26/2025,38.73,FALSE
10/27/2025,38.77,FALSE
10/28/2025,38.77,FALSE
10/29/2025,38.76,FALSE
10/30/2025,38.75,FALSE
10/31/2025,38.75,FALSE
11/1/2025,38.75,FALSE
11/2/2025,38.75,FALSE
11/3/2025,38.74,FALSE
11/4/2025,38.74,FALSE
11/5/2025,38.73,FALSE
11/6/2025,38.75,FALSE
11/7/2025,38.74,FALSE
11/8/2025,38.76,FALSE
11/9/2025,38.77,FALSE
11/10/2025,38.75,FALSE
11/11/2025,38.74,FALSE
11/12/2025,38.73,FALSE
11/13/2025,38.72,FALSE
11/14/2025,38.73,FALSE
11/15/2025,38.72,FALSE
11/16/2025,38.71,FALSE
11/17/2025,38.72,FALSE
11/18/2025,38.73,FALSE
11/19/2025,38.73,FALSE
11/20/2025,38.72,FALSE
11/21/2025,38.75,FALSE
11/22/2025,38.74,FALSE
11/23/2025,38.73,FALSE
11/24/2025,38.74,FALSE
11/25/2025,38.74,FALSE
11/26/2025,38.75,FALSE
11/27/2025,38.73,FALSE
11/28/2025,38.72,FALSE
11/29/2025,38.72,FALSE
11/30/2025,38.72,FALSE
12/1/2025,38.73,FALSE
12/2/2025,38.71,FALSE
12/3/2025,38.73,FALSE
12/4/2025,38.73,FALSE
12/5/2025,38.72,FALSE
12/6/2025,38.72,FALSE
12/7/2025,38.74,FALSE
12/8/2025,38.74,FALSE
12/9/2025,38.73,FALSE
12/10/2025,38.73,FALSE
12/11/2025,38.73,FALSE
12/12/2025,38.72,FALSE
12/13/2025,38.72,FALSE
12/14/2025,38.73,FALSE
12/15/2025,38.73,FALSE
12/16/2025,38.72,FALSE
