time_idx,date,observed_ft,predicted_ft,residual_ft
3194,2024-01-01,39.19,39.18922692726867,-0.0007730727313273178
3195,2024-01-02,39.19,39.18402796607337,-0.005972033926624931
3196,2024-01-03,39.16000000081198,39.18360591277863,0.023605911966647852
3197,2024-01-04,39.18999999918801,39.16889523091588,-0.02110476827213148
3198,2024-01-05,39.169999999980384,39.19365769088573,0.02365769090534542
3199,2024-01-06,39.14999999998039,39.16445956436927,0.014459564388879187
3200,2024-01-07,39.16000000000981,39.15607848963406,-0.0039215103757470615
3201,2024-01-08,39.1650000000049,39.163611433306116,-0.0013885666987860645
3202,2024-01-09,39.170000000004904,39.15884123609853,-0.011158763906372826
3203,2024-01-10,39.14000000081199,39.16040667139442,0.02040667058243173
3204,2024-01-11,39.180000000039236,39.14556224508329,-0.034437754955945366
3205,2024-01-12,39.18,39.185393109076536,0.005393109076536007
3206,2024-01-13,39.159999999980386,39.17383777956955,0.013837779589167098
3207,2024-01-14,39.18000000001961,39.16880230178094,-0.011197698238667897
3208,2024-01-15,39.18,39.187974244323335,0.00797424432333571
3209,2024-01-16,39.18,39.17268149153387,-0.007318508466127582
3210,2024-01-17,39.159999999980386,39.171588181658095,0.01158818167770903
3211,2024-01-18,39.17000000000981,39.16129297238479,-0.008707027625014518
3212,2024-01-19,39.18000000000981,39.16881115597134,-0.011188844038471757
3213,2024-01-20,39.159999999980386,39.17169876029445,0.011698760314061474
3214,2024-01-21,39.16,39.156615546551905,-0.0033844534480920174
3215,2024-01-22,39.16,39.167127150713924,0.007127150713927222
3216,2024-01-23,39.18000000001961,39.16987741355334,-0.01012258646627373
3217,2024-01-24,39.19000000000981,39.18011977865773,-0.009880221352077001
3218,2024-01-25,39.19,39.185426631844464,-0.0045733681555333305
3219,2024-01-26,39.19,39.19432135959474,0.00432135959474067
3220,2024-01-27,39.19,39.1820724154522,-0.007927584547800848
3221,2024-01-28,39.19,39.181624173986116,-0.008375826013882204
3222,2024-01-29,39.19,39.18289959615635,-0.007100403843644187
3223,2024-01-30,39.169999999980384,39.18356660864485,0.013566608664469015
3224,2024-01-31,39.14999999998039,39.16424502397676,0.014245023996373618
3225,2024-02-01,39.129999999980384,39.15070490472948,0.020704904749095476
3226,2024-02-02,39.15000000001962,39.145858077022616,-0.004141922997000336
3227,2024-02-03,39.17000000001961,39.16085591752851,-0.009144082491104655
3228,2024-02-04,39.15999999999019,39.16820863955371,0.008208639563520137
3229,2024-02-05,39.149999999990186,39.15709019159133,0.007090191601143658
3230,2024-02-06,39.129999999980384,39.15758341253887,0.027583412558485065
3231,2024-02-07,39.15000000001962,39.14113256101029,-0.008867439009328848
3232,2024-02-08,39.17000000001961,39.157455191132414,-0.01254480888719911
3233,2024-02-09,39.18000000000981,39.16848672353636,-0.011513276473451128
3234,2024-02-10,39.18,39.18227521055558,0.0022752105555809976
3235,2024-02-11,39.18,39.17527295597973,-0.00472704402027091
3236,2024-02-12,39.18,39.173037197646806,-0.006962802353193354
3237,2024-02-13,39.16999999999019,39.17358900708725,0.0035890070970623356
3238,2024-02-14,39.18000000000981,39.16711245204183,-0.012887547967984858
3239,2024-02-15,39.19000000000981,39.18076542764314,-0.009234572366672467
3240,2024-02-16,39.19,39.200089937917745,0.010089937917747704
3241,2024-02-17,39.17999999999019,39.18498198826492,0.004981988274735727
3242,2024-02-18,39.16999999999019,39.176998292347214,0.006998292357025093
3243,2024-02-19,39.15999999999019,39.17144840680493,0.011448406814736245
3244,2024-02-20,39.17000000000981,39.16554553796562,-0.004454462044186869
3245,2024-02-21,39.18000000000981,39.17108530297955,-0.008914697030263596
3246,2024-02-22,39.185000000004905,39.18053375269463,-0.004466247310276117
3247,2024-02-23,39.19000000000491,39.17904648391411,-0.010953516090800974
3248,2024-02-24,39.17999999999019,39.183407295305884,0.0034072953156965013
3249,2024-02-25,39.16999999999019,39.174077683547615,0.004077683557426326
3250,2024-02-26,39.14999999998039,39.168881683298224,0.018881683317836462
3251,2024-02-27,39.17999999918801,39.15243804100534,-0.027561958182673152
3252,2024-02-28,39.18,39.187793399198455,0.00779339919845512
3253,2024-02-29,39.159999999980386,39.176137125246164,0.016137125265778707
3254,2024-03-01,39.149999999990186,39.158367636520985,0.008367636530799416
3255,2024-03-02,39.13999999999019,39.15876182639879,0.018761826408599802
3256,2024-03-03,39.160000000019615,39.15419409320305,-0.005805906816561901
3257,2024-03-04,39.18999999918801,39.17213456063178,-0.01786543855622824
3258,2024-03-05,39.17999999999019,39.191682989680444,0.011682989690257273
3259,2024-03-06,39.16999999999019,39.17478388573758,0.004783885747393413
3260,2024-03-07,39.190000000019616,39.17020356162179,-0.019796438397825966
3261,2024-03-08,39.18499999999509,39.19232685991651,0.007326859921420237
3262,2024-03-09,39.1799999999951,39.17959702450215,-0.0004029754929462115
3263,2024-03-10,39.16999999999019,39.174176512677974,0.00417651268778485
3264,2024-03-11,39.17,39.168306930179064,-0.0016930698209378647
3265,2024-03-12,39.18000000000981,39.171997072722434,-0.008002927287378725
3266,2024-03-13,39.19000000000981,39.19337343850638,0.003373438496566905
3267,2024-03-14,39.19,39.19254857588816,0.0025485758881629295
3268,2024-03-15,39.17999999999019,39.18523319075104,0.005233190760854711
3269,2024-03-16,39.19000000000981,39.17707150210214,-0.01292849790767292
3270,2024-03-17,39.18666667002905,39.190730646951366,0.004063976922317636
3271,2024-03-18,39.18333332993208,39.183738326922324,0.00040499699024110214
3272,2024-03-19,39.180000000029054,39.179553839379956,-0.0004461606490977488
3273,2024-03-20,39.18,39.17711672979093,-0.0028832702090682005
3274,2024-03-21,39.19000000000981,39.181808454614426,-0.008191545395384026
3275,2024-03-22,39.169999999980384,39.18974549917075,0.019745499190364058
3276,2024-03-23,39.14000000081199,39.167873218251046,0.02787321743905835
3277,2024-03-24,39.160000000019615,39.150426671826345,-0.009573328193269504
3278,2024-03-25,39.17000000000981,39.17918025573296,0.009180255723151731
3279,2024-03-26,39.190000000019616,39.170673484645484,-0.019326515374132214
3280,2024-03-27,39.19,39.19345474854469,0.0034547485446907444
3281,2024-03-28,39.169999999980384,39.18414038908936,0.01414038910897375
3282,2024-03-29,39.14999999998039,39.175155966619435,0.025155966639047733
3283,2024-03-30,39.15,39.16294615498182,0.012946154981818836
3284,2024-03-31,39.16000000000981,39.161825293843904,0.0018252938340950209
3285,2024-04-01,39.163333329970946,39.16909890023867,0.005765570267726616
3286,2024-04-02,39.16666667006792,39.160723859293164,-0.005942810774755003
3287,2024-04-03,39.16999999997095,39.159222393690825,-0.010777606280122143
3288,2024-04-04,39.119999999109545,39.16335184611904,0.04335184700949668
3289,2024-04-05,39.14999999918801,39.12594718528647,-0.024052813901541015
3290,2024-04-06,39.164999999594,39.173365567087615,0.008365567493612502
3291,2024-04-07,39.179999999594,39.163959228018406,-0.01604077157559658
3292,2024-04-08,39.19000000000981,39.173775989486316,-0.016224010523494314
3293,2024-04-09,39.19,39.18471235207948,-0.005287647920518168
3294,2024-04-10,39.19,39.18297780727647,-0.007022192723525222
3295,2024-04-11,39.169999999980384,39.18455554615442,0.014555546174037204
3296,2024-04-12,39.15999999999019,39.16662746770638,0.00662746771618572
3297,2024-04-13,39.16,39.16733052722462,0.007330527224624461
3298,2024-04-14,39.17000000000981,39.16473679096079,-0.005263209049019224
3299,2024-04-15,39.190000000019616,39.184155771840906,-0.005844228178709443
3300,2024-04-16,39.19,39.18799039357366,-0.0020096064263341873
3301,2024-04-17,39.17999999999019,39.18345028483327,0.0034502848430832955
3302,2024-04-18,39.18,39.176724176473286,-0.0032758235267138502
3303,2024-04-19,39.18,39.17769843635592,-0.002301563644081739
3304,2024-04-20,39.19000000000981,39.179372338764466,-0.0106276612453442
3305,2024-04-21,39.17999999999019,39.18895643788937,0.008956437899179548
3306,2024-04-22,39.16999999999019,39.175389660110476,0.005389660120286521
3307,2024-04-23,39.17,39.172427183398256,0.0024271833982538737
3308,2024-04-24,39.17,39.17351957108422,0.0035195710842188532
3309,2024-04-25,39.15999999999019,39.180168354342904,0.02016835435271247
3310,2024-04-26,39.149999999990186,39.164762585350346,0.014762585360159619
3311,2024-04-27,39.17999999918801,39.16038356113534,-0.019616438052672436
3312,2024-04-28,39.18,39.180296807128414,0.00029680712841440027
3313,2024-04-29,39.16999999999019,39.173992656973574,0.0039926569833852454
3314,2024-04-30,39.17,39.16616059060159,-0.0038394093984095434
3315,2024-05-01,39.18000000000981,39.16992773094601,-0.010072269063805095
3316,2024-05-02,39.16999999999019,39.1794927871878,0.009492787197608266
3317,2024-05-03,39.17,39.167091246724574,-0.0029087532754275003
3318,2024-05-04,39.129999999960766,39.17283000869879,0.04283000873802223
3319,2024-05-05,39.15999999918802,39.13284682520028,-0.027153173987734647
3320,2024-05-06,39.18000000001961,39.176815377363354,-0.0031846226562564084
3321,2024-05-07,39.18,39.17729805452182,-0.0027019454781793684
3322,2024-05-08,39.19000000000981,39.1765090386768,-0.013490961333012308
3323,2024-05-09,39.19,39.18641648986102,-0.003583510138980728
3324,2024-05-10,39.17999999999019,39.18422510938868,0.00422510939849019
3325,2024-05-11,39.18,39.174950293879945,-0.005049706120054509
3326,2024-05-12,39.16999999999019,39.17841159199171,0.008411592001522195
3327,2024-05-13,39.17,39.16918362305243,-0.0008163769475686422
3328,2024-05-14,39.17,39.17260449458406,0.002604494584055317
3329,2024-05-15,39.18000000000981,39.171347257054585,-0.008652742955227666
3330,2024-05-16,39.16999999999019,39.179849487852145,0.009849487861956163
3331,2024-05-17,39.17,39.16841715373868,-0.0015828462613214356
3332,2024-05-18,39.17,39.17350149414446,0.003501494144458661
3333,2024-05-19,39.17,39.17096143336663,0.0009614333666263519
3334,2024-05-20,39.17,39.172716818313184,0.0027168183131820456
3335,2024-05-21,39.18000000000981,39.17134293218629,-0.008657067823520492
3336,2024-05-22,39.159999999980386,39.177939728667184,0.017939728686798162
3337,2024-05-23,39.17000000000981,39.15816789996753,-0.01183210004227675
3338,2024-05-24,39.14999999998039,39.175938811533705,0.02593881155331701
3339,2024-05-25,39.17000000001961,39.14995516945864,-0.02004483056096973
3340,2024-05-26,39.18000000000981,39.17937004423812,-0.0006299557716928916
3341,2024-05-27,39.18,39.17866092653861,-0.0013390734613878408
3342,2024-05-28,39.16999999999019,39.17650271965718,0.006502719666990231
3343,2024-05-29,39.18000000000981,39.167827898006706,-0.012172102003106033
3344,2024-05-30,39.18,39.18117013602835,0.0011701360283495887
3345,2024-05-31,39.159999999980386,39.176028434742975,0.016028434762588972
3346,2024-06-01,39.16,39.158046663980635,-0.001953336019361984
3347,2024-06-02,39.16,39.16474775963453,0.004747759634533111
3348,2024-06-03,39.16,39.16366968945029,0.0036696894502910027
3349,2024-06-04,39.18000000001961,39.16176172920859,-0.018238270811018253
3350,2024-06-05,39.18,39.179756649589926,-0.00024335041007361724
3351,2024-06-06,39.16999999999019,39.175184035341395,0.005184035351206262
3352,2024-06-07,39.15999999999019,39.1671306434139,0.0071306434237072835
3353,2024-06-08,39.16,39.1647816787183,0.0047816787183023735
3354,2024-06-09,39.16,39.16208511324165,0.0020851132416552787
3355,2024-06-10,39.17000000000981,39.16111822078057,-0.00888177922923461
3356,2024-06-11,39.17,39.16974594343738,-0.0002540565626247826
3357,2024-06-12,39.15999999999019,39.16666277680618,0.006662776815986149
3358,2024-06-13,39.16,39.15846676351192,-0.001533236488079126
3359,2024-06-14,39.16,39.160945146955996,0.000945146955999121
3360,2024-06-15,39.149999999990186,39.15960932808421,0.009609328094022374
3361,2024-06-16,39.13999999999019,39.15055645404608,0.010556454055894449
3362,2024-06-17,39.15000000000981,39.14383165156073,-0.006168348449079986
3363,2024-06-18,39.16000000000981,39.1578583126107,-0.002141687399110026
3364,2024-06-19,39.16,39.158116181610644,-0.0018838183893521432
3365,2024-06-20,39.16,39.15894187132908,-0.0010581286709197002
3366,2024-06-21,39.16,39.16122533783946,0.0012253378394646575
3367,2024-06-22,39.16,39.16257859922481,0.0025785992248117395
3368,2024-06-23,39.16,39.15967437780553,-0.0003256221944667459
3369,2024-06-24,39.16,39.1584467328087,-0.0015532671912978913
3370,2024-06-25,39.16,39.158646671301526,-0.0013533286984710458
3371,2024-06-26,39.149999999990186,39.15895768318218,0.008957683191994192
3372,2024-06-27,39.13999999999019,39.148248350931894,0.00824835094170595
3373,2024-06-28,39.14,39.14141546039582,0.0014154603958189682
3374,2024-06-29,39.15000000000981,39.14498182756465,-0.005018172445161895
3375,2024-06-30,39.15,39.15280698424433,0.002806984244330124
3376,2024-07-01,39.15,39.15035220414759,0.0003522041475889637
3377,2024-07-02,39.16000000000981,39.14881979561095,-0.011180204398861804
3378,2024-07-03,39.16,39.15850865920102,-0.001491340798978058
3379,2024-07-04,39.17000000000981,39.15739075815779,-0.012609241852018727
3380,2024-07-05,39.15999999999019,39.167690725637435,0.0076907256472438235
3381,2024-07-06,39.149999999990186,39.15717670746827,0.007176707478080857
3382,2024-07-07,39.15,39.149794525002626,-0.00020547499737233466
3383,2024-07-08,39.15,39.15065950707505,0.0006595070750492482
3384,2024-07-09,39.15,39.149761804092485,-0.00023819590751372743
3385,2024-07-10,39.15,39.150972437379764,0.0009724373797652675
3386,2024-07-11,39.15,39.15081023125924,0.0008102312592441763
3387,2024-07-12,39.15,39.14981503362903,-0.00018496637096632185
3388,2024-07-13,39.15,39.14952529437876,-0.0004747056212366374
3389,2024-07-14,39.15,39.14982826738944,-0.0001717326105605821
3390,2024-07-15,39.15,39.1494919138,-0.0005080861999999797
3391,2024-07-16,39.15,39.14875719777021,-0.0012428022297896746
3392,2024-07-17,39.15,39.14963943724509,-0.00036056275490636835
3393,2024-07-18,39.15,39.15062182518758,0.0006218251875793612
3394,2024-07-19,39.15,39.15498552642087,0.004985526420874464
3395,2024-07-20,39.15,39.14974211332055,-0.0002578866794493706
3396,2024-07-21,39.13999999999019,39.149643321212416,0.009643321222227996
3397,2024-07-22,39.154999999594004,39.146041430393005,-0.008958569200999023
3398,2024-07-23,39.169999999594005,39.15616340639867,-0.013836593195335922
3399,2024-07-24,39.17,39.169100107658046,-0.0008998923419554217
3400,2024-07-25,39.15999999999019,39.17294378807425,0.012943788084058383
3401,2024-07-26,39.13999999998038,39.16938477571556,0.029384775735174173
3402,2024-07-27,39.12999999999019,39.139918392932714,0.009918392942523724
3403,2024-07-28,39.15000000001962,39.13724357212954,-0.012756427890074917
3404,2024-07-29,39.15,39.157231687997296,0.0072316879972973425
3405,2024-07-30,39.15,39.15228615230408,0.0022861523040802467
3406,2024-07-31,39.16000000000981,39.15170905668816,-0.008290943321647148
3407,2024-08-01,39.17000000000981,39.16148698059129,-0.008513019418515455
3408,2024-08-02,39.15999999999019,39.16939005557901,0.009390055588816892
3409,2024-08-03,39.149999999990186,39.15918670935922,0.009186709369032542
3410,2024-08-04,39.15,39.1518393412419,0.0018393412419044353
3411,2024-08-05,39.15,39.15280519708086,0.0028051970808604665
3412,2024-08-06,39.16000000000981,39.15193894783886,-0.008061052170951655
3413,2024-08-07,39.149999999990186,39.16103549463258,0.011035494642392507
3414,2024-08-08,39.15,39.14979637443074,-0.00020362556925590525
3415,2024-08-09,39.15,39.15225455552313,0.0022545555231303638
3416,2024-08-10,39.15,39.151862237801424,0.0018622378014256924
3417,2024-08-11,39.15,39.1517728930904,0.0017728930904041817
3418,2024-08-12,39.13999999999019,39.15159221456551,0.011592214575323112
3419,2024-08-13,39.15000000000981,39.14326163728558,-0.006738362724227898
3420,2024-08-14,39.15,39.15546756917275,0.005467569172751041
3421,2024-08-15,39.15,39.15091174618329,0.0009117461832914842
3422,2024-08-16,39.13999999999019,39.150944409877276,0.010944409887088113
3423,2024-08-17,39.14,39.141301654095116,0.001301654095115623
3424,2024-08-18,39.15000000000981,39.14892773978968,-0.0010722602201340692
3425,2024-08-19,39.16000000000981,39.153350295402724,-0.006649704607085027
3426,2024-08-20,39.149999999990186,39.16017521606478,0.010175216074593152
3427,2024-08-21,39.15,39.148911519840944,-0.0010884801590549387
3428,2024-08-22,39.129999999980384,39.15159581918336,0.021595819202978817
3429,2024-08-23,39.13,39.13262752745266,0.002627527452659706
3430,2024-08-24,39.15000000001962,39.13909730828327,-0.010902691736347947
3431,2024-08-25,39.15,39.15588836371205,0.005888363712053035
3432,2024-08-26,39.16000000000981,39.15652303224392,-0.003476967765891459
3433,2024-08-27,39.149999999990186,39.155248511218325,0.005248511228138852
3434,2024-08-28,39.15,39.14572040315093,-0.004279596849066536
3435,2024-08-29,39.16000000000981,39.150173223596276,-0.009826776413532912
3436,2024-08-30,39.16,39.159917507765115,-8.249223488121515e-05
3437,2024-08-31,39.149999999990186,39.15866270360511,0.008662703614923828
3438,2024-09-01,39.15,39.1486756075312,-0.0013243924687955655
3439,2024-09-02,39.15,39.1493009868518,-0.0006990131481998674
3440,2024-09-03,39.15,39.14861602195282,-0.0013839780471798235
3441,2024-09-04,39.17000000001961,39.14881488511847,-0.02118511490114372
3442,2024-09-05,39.15999999999019,39.1674389240645,0.0074389240743073515
3443,2024-09-06,39.149999999990186,39.156036640212925,0.006036640222738754
3444,2024-09-07,39.13999999999019,39.14856246089913,0.00856246090894075
3445,2024-09-08,39.14,39.13936809803758,-0.0006319019624214661
3446,2024-09-09,39.14,39.1448368855779,0.0048368855779017395
3447,2024-09-10,39.12999999999019,39.13881464952254,0.008814649532347119
3448,2024-09-11,39.11999999999019,39.129020728655206,0.009020728665014133
3449,2024-09-12,39.134999999594,39.12489569705535,-0.010104302538650245
3450,2024-09-13,39.149999999594,39.141109292120134,-0.00889070747386711
3451,2024-09-14,39.15,39.14917999824064,-0.0008200017593580355
3452,2024-09-15,39.129999999980384,39.14878274310121,0.018782743120823397
3453,2024-09-16,39.13,39.13327392866224,0.0032739286622387453
3454,2024-09-17,39.15000000001962,39.13976730947452,-0.010232690545095124
3455,2024-09-18,39.15,39.154258988935794,0.004258988935795571
3456,2024-09-19,39.15,39.14797052947043,-0.0020294705295711424
3457,2024-09-20,39.15,39.14901372135888,-0.000986278641121885
3458,2024-09-21,39.16000000000981,39.15147775869315,-0.008522241316661905
3459,2024-09-22,39.17000000000981,39.15998355540352,-0.010016444606286257
3460,2024-09-23,39.17,39.16718428524334,-0.0028157147566645335
3461,2024-09-24,39.15999999999019,39.166866792791566,0.006866792801375254
3462,2024-09-25,39.149999999990186,39.15822986001641,0.008229860026226277
3463,2024-09-26,39.16000000000981,39.152120060533406,-0.007879939476403308
3464,2024-09-27,39.16,39.16400673299926,0.004006732999265239
3465,2024-09-28,39.16,39.15880793167264,-0.0011920683273558552
3466,2024-09-29,39.16,39.15977419812165,-0.0002258018783436455
3467,2024-09-30,39.17000000000981,39.16096405857851,-0.009035941431299932
3468,2024-10-01,39.15999999999019,39.1684463558552,0.008446355865011412
3469,2024-10-02,39.13999999998038,39.15527749625002,0.015277496269639812
3470,2024-10-03,39.14,39.13788555338123,-0.00211444661876925
3471,2024-10-04,39.15000000000981,39.14085050133637,-0.009149498673444612
3472,2024-10-05,39.16000000000981,39.14882625767097,-0.011173742338840498
3473,2024-10-06,39.149999999990186,39.1563937195136,0.006393719523416053
3474,2024-10-07,39.13999999999019,39.145878851516244,0.005878851526055939
3475,2024-10-08,39.12999999999019,39.13856282102435,0.008562821034161061
3476,2024-10-09,39.14000000000981,39.12941584660292,-0.01058415340689578
3477,2024-10-10,39.14,39.13996148679544,-3.8513204557943936e-05
3478,2024-10-11,39.14,39.13756633098214,-0.0024336690178614617
3479,2024-10-12,39.14,39.137761969849095,-0.0022380301509059564
3480,2024-10-13,39.14,39.13806283595896,-0.0019371640410383861
3481,2024-10-14,39.14,39.13845024655384,-0.001549753446163038
3482,2024-10-15,39.12999999999019,39.137804791093664,0.007804791103474429
3483,2024-10-16,39.10999999998039,39.127946565997874,0.017946566017485566
3484,2024-10-17,39.11,39.11116569504492,0.0011656950449179249
3485,2024-10-18,39.150000000039235,39.12643699682422,-0.02356300321501692
3486,2024-10-19,39.15,39.1506204082463,0.0006204082462986094
3487,2024-10-20,39.129999999980384,39.14262978832244,0.012629788342053416
3488,2024-10-21,39.13,39.124374241617474,-0.005625758382528545
3489,2024-10-22,39.14000000000981,39.129853341528566,-0.010146658481247073
3490,2024-10-23,39.12999999999019,39.137684542926884,0.007684542936694072
3491,2024-10-24,39.13,39.12652836595787,-0.003471634042135463
3492,2024-10-25,39.13,39.12993908835305,-6.0911646954764365e-05
3493,2024-10-26,39.14000000000981,39.127355388476175,-0.012644611533637828
3494,2024-10-27,39.110000000811986,39.137950143690475,0.027950142878488293
3495,2024-10-28,39.089999999980385,39.10822157713636,0.01822157715597683
3496,2024-10-29,39.11000000001962,39.09876998474956,-0.011230015270058402
3497,2024-10-30,39.12000000000981,39.11842820908788,-0.0015717909219290505
3498,2024-10-31,39.10999999999019,39.1167141266237,0.006714126633511341
3499,2024-11-01,39.11,39.108639998888,-0.001360001111997633
3500,2024-11-02,39.09999999999019,39.10942997562788,0.009429975637694099
3501,2024-11-03,39.120000000019616,39.10604414647761,-0.013955853542007901
3502,2024-11-04,39.13000000000981,39.12352335408185,-0.0064766459279610444
3503,2024-11-05,39.10999999998039,39.124518786456775,0.014518786476386936
3504,2024-11-06,39.13000000001961,39.105146245752934,-0.024853754266679573
3505,2024-11-07,39.13,39.12896028483447,-0.0010397151655325843
3506,2024-11-08,39.11999999999019,39.12245203455284,0.0024520345626513063
3507,2024-11-09,39.09999999998038,39.11365443544491,0.013654435464523829
3508,2024-11-10,39.11000000000981,39.09836460069904,-0.011635399310769401
3509,2024-11-11,39.089999999980385,39.1129197000724,0.022919700092018047
3510,2024-11-12,39.11999999918802,39.08918769886216,-0.0308123003258558
3511,2024-11-13,39.10999999999019,39.126127984974985,0.016127984984798616
3512,2024-11-14,39.089999999980385,39.10457264705387,0.014572647073485712
3513,2024-11-15,39.06999999998039,39.090267384561415,0.020267384581025283
3514,2024-11-16,39.110000000039236,39.0813117216242,-0.028688278415032187
3515,2024-11-17,39.09999999999019,39.11492142749744,0.014921427507253782
3516,2024-11-18,39.1,39.095111502083384,-0.004888497916617496
3517,2024-11-19,39.11000000000981,39.105109661920636,-0.0048903380891758275
3518,2024-11-20,39.11,39.1064366854814,-0.003563314518601146
3519,2024-11-21,39.11,39.10427179104098,-0.0057282089590202645
3520,2024-11-22,39.089999999980385,39.10542989316538,0.01542989318499366
3521,2024-11-23,39.07999999999019,39.08669200753078,0.006692007540586076
3522,2024-11-24,39.10999999918801,39.08759540100646,-0.02240459818155216
3523,2024-11-25,39.09999999999019,39.112933489166096,0.012933489175907198
3524,2024-11-26,39.08999999999019,39.09626186656405,0.006261866573858299
3525,2024-11-27,39.11000000001962,39.09969147450772,-0.010308525511895539
3526,2024-11-28,39.11,39.10704997536471,-0.0029500246352895942
3527,2024-11-29,39.11,39.101267488467215,-0.008732511532784315
3528,2024-11-30,39.11,39.10266192697405,-0.007338073025948688
3529,2024-12-01,39.11,39.10263216784141,-0.007367832158585941
3530,2024-12-02,39.11,39.10377327003606,-0.00622672996394158
3531,2024-12-03,39.09999999999019,39.10382046999942,0.003820470009230803
3532,2024-12-04,39.11000000000981,39.09424824154414,-0.015751758465668786
3533,2024-12-05,39.09999999999019,39.10624731683205,0.006247316841857753
3534,2024-12-06,39.11000000000981,39.09314881627094,-0.016851183738872066
3535,2024-12-07,39.089999999980385,39.10591450727864,0.015914507298255387
3536,2024-12-08,39.07999999999019,39.08301311301062,0.003013113020429614
3537,2024-12-09,39.10999999918801,39.07959870943871,-0.030401289749299565
3538,2024-12-10,39.11,39.10759716375912,-0.0024028362408827775
3539,2024-12-11,39.080000000811985,39.10128367727382,0.02128367646183449
3540,2024-12-12,39.050000000811984,39.07280722908601,0.022807228274025704
3541,2024-12-13,39.09000000003923,39.05515010028057,-0.034849899758661707
3542,2024-12-14,39.06999999998039,39.09592113510704,0.025921135126651507
3543,2024-12-15,39.099999999188014,39.06765008197246,-0.032349917215555024
3544,2024-12-16,39.07999999998039,39.10048763815541,0.02048763817501964
3545,2024-12-17,39.10999999918801,39.075629453021875,-0.03437054616613722
3546,2024-12-18,39.11,39.10814373792126,-0.0018562620787392348
3547,2024-12-19,39.089999999980385,39.100596060237706,0.010596060257320516
3548,2024-12-20,39.09,39.082558655177436,-0.007441344822566975
3549,2024-12-21,39.07999999999019,39.08688355712538,0.006883557135189733
3550,2024-12-22,39.08,39.07447084604904,-0.005529153950959653
3551,2024-12-23,39.08,39.077989400705064,-0.002010599294933968
3552,2024-12-24,39.050000000811984,39.07511500573155,0.025115004919562978
3553,2024-12-25,39.07000000001961,39.05613459344105,-0.013865406578560169
3554,2024-12-26,39.05999999999019,39.07411304903197,0.014113049041782233
3555,2024-12-27,39.03999999998039,39.06047899010166,0.02047899012126919
3556,2024-12-28,39.06999999918801,39.0526539066348,-0.01734609255321118
3557,2024-12-29,39.049999999980386,39.069591784600966,0.0195917846205802
3558,2024-12-30,39.07999999918801,39.04741560006663,-0.032584399121383
3559,2024-12-31,39.06999999999019,39.079040483374605,0.009040483384417541
3560,2025-01-01,39.07,39.060669865713784,-0.009330134286216207
3561,2025-01-02,39.07,39.06603933273794,-0.003960667262063566
3562,2025-01-03,39.040000000811986,39.065031608135136,0.02503160732315024
3563,2025-01-04,39.06999999918801,39.035863844054994,-0.034136155133019486
3564,2025-01-05,39.08000000000981,39.07581685024788,-0.004183149761928462
3565,2025-01-06,39.059999999980384,39.07268899358167,0.01268899360128728
3566,2025-01-07,39.080000000019616,39.06031579616102,-0.019684203858595595
3567,2025-01-08,39.08,39.07754093205719,-0.0024590679428087014
3568,2025-01-09,39.08,39.07059501688426,-0.009404983115736343
3569,2025-01-10,39.059999999980384,39.072368569643295,0.012368569662911
3570,2025-01-11,39.06,39.05290793961822,-0.007092060381779675
3571,2025-01-12,39.04999999999019,39.058881964330524,0.008881964340332615
3572,2025-01-13,39.07000000001961,39.04594829173615,-0.024051708283458595
3573,2025-01-14,39.07,39.06615007629144,-0.0038499237085574123
3574,2025-01-15,39.05999999999019,39.06150427584758,0.0015042758573926562
3575,2025-01-16,39.03999999998039,39.053209138928054,0.013209138947665622
3576,2025-01-17,39.04,39.03569675268441,-0.004303247315590397
3577,2025-01-18,39.06000000001961,39.041608467319584,-0.018391532700029245
3578,2025-01-19,39.03999999998039,39.05651000462015,0.0165100046397626
3579,2025-01-20,39.06999999918801,39.032688912805924,-0.0373110863820898
3580,2025-01-21,39.07,39.06900622604239,-0.0009937739576102445
3581,2025-01-22,39.07,39.06194853574232,-0.008051464257682994
3582,2025-01-23,39.05999999999019,39.06392674732707,0.003926747336883807
3583,2025-01-24,39.009999999109546,39.054490461093714,0.04449046198416795
3584,2025-01-25,38.99999999999019,39.006979299948945,0.006979299958757679
3585,2025-01-26,39.040000000039235,39.01861246952225,-0.021387530516982167
3586,2025-01-27,39.04,39.04229661781221,0.002296617812213242
3587,2025-01-28,39.02999999999019,39.033701746474925,0.0037017464847366455
3588,2025-01-29,39.03,39.025558915598026,-0.004441084401975104
3589,2025-01-30,39.04000000000981,39.02910080603172,-0.010899193978090693
3590,2025-01-31,39.02999999999019,39.03696400640691,0.006964006416723123
3591,2025-02-01,39.01999999999019,39.024336643871415,0.004336643881224234
3592,2025-02-02,39.00999999999019,39.03118181738962,0.02118181739943026
3593,2025-02-03,39.01,39.012611476637964,0.002611476637966348
3594,2025-02-04,38.99999999999019,39.01391884898306,0.013918848992872768
3595,2025-02-05,39.020000000019614,39.003754958351585,-0.016245041668028648
3596,2025-02-06,39.00999999999019,39.036701944650495,0.026701944660302956
3597,2025-02-07,39.03000000001961,39.008334555485625,-0.021665444533987
3598,2025-02-08,39.04000000000981,39.035700802420116,-0.004299197589695325
3599,2025-02-09,39.02999999999019,39.03550553292412,0.005505532933931079
3600,2025-02-10,39.00999999998039,39.023281049539655,0.013281049559267899
3601,2025-02-11,38.99999999999019,39.00889641814132,0.008896418151131513
3602,2025-02-12,39.0,39.00481840812505,0.004818408125046858
3603,2025-02-13,38.979999999980386,39.00334977372601,0.02334977374562186
3604,2025-02-14,39.00999999918801,38.985126655119075,-0.024873344068936376
3605,2025-02-15,39.03999999918801,39.020734652933534,-0.01926534625447829
3606,2025-02-16,39.010000000811985,39.03571664034724,0.02571663953525416
3607,2025-02-17,39.01,39.003052221936336,-0.006947778063661758
3608,2025-02-18,39.03000000001961,39.015523842945385,-0.014476157074227558
3609,2025-02-19,39.00999999998039,39.02964725566458,0.019647255684191123
3610,2025-02-20,39.03000000001961,39.007054949804655,-0.02294505021495752
3611,2025-02-21,39.03,39.03586225295081,0.005862252950805669
3612,2025-02-22,39.03,39.024630559901105,-0.00536944009889595
3613,2025-02-23,39.01999999999019,39.02585705889198,0.005857058901789003
3614,2025-02-24,39.00999999999019,39.01732122033385,0.007321220343655455
3615,2025-02-25,39.01,39.00971486160183,-0.0002851383981692379
3616,2025-02-26,39.02000000000981,39.0115526815671,-0.00844731844270541
3617,2025-02-27,39.02,39.01836016139844,-0.00163983860156236
3618,2025-02-28,38.99999999998039,39.01645749196839,0.016457491987999617
3619,2025-03-01,38.979999999980386,38.99772832674914,0.017728326768754243
3620,2025-03-02,38.95999999998038,38.984449851936525,0.0244498519561418
3621,2025-03-03,38.97000000000981,38.97964358880171,0.009643588791895752
3622,2025-03-04,38.99999999918801,38.989462099153656,-0.010537900034357506
3623,2025-03-05,38.959999999960765,38.9980501373379,0.03805013737713381
3624,2025-03-06,38.94999999999019,38.95959849403672,0.009598494046528572
3625,2025-03-07,39.009999998376024,38.968863486897284,-0.04113651147874009
3626,2025-03-08,39.02000000000981,39.01412874140427,-0.005871258605537832
3627,2025-03-09,38.99999999998039,39.0126530281789,0.012653028198513994
3628,2025-03-10,38.970000000811986,38.99196304508644,0.02196304427445739
3629,2025-03-11,38.95999999999019,38.970100828330175,0.010100828339986379
3630,2025-03-12,38.96,38.96636009745882,0.006360097458816938
3631,2025-03-13,38.93999999998039,38.965413193630255,0.02541319364986805
3632,2025-03-14,38.95000000000981,38.948950925795636,-0.0010490742141726628
3633,2025-03-15,38.97999999918802,38.96181739801433,-0.01818260117368453
3634,2025-03-16,38.98,38.979959521252184,-4.04787478132107e-05
3635,2025-03-17,38.95999999998038,38.97532413751444,0.01532413753405848
3636,2025-03-18,39.000000000039236,38.97053459832557,-0.029465401713665074
3637,2025-03-19,39.0,39.006102618023775,0.006102618023774653
3638,2025-03-20,38.979999999980386,38.992013624168685,0.012013624188298877
3639,2025-03-21,38.969999999990186,38.97532609969204,0.005326099701854048
3640,2025-03-22,38.98000000000981,38.971515063627116,-0.00848493638269332
3641,2025-03-23,38.99000000000981,38.98164034681565,-0.008359653194155214
3642,2025-03-24,38.99,38.98654231660305,-0.0034576833969524046
3643,2025-03-25,38.97999999999019,38.98536723810849,0.005367238118296314
3644,2025-03-26,38.95999999998038,38.977543575780174,0.01754357579979171
3645,2025-03-27,38.94999999999019,38.961909882031414,0.01190988204122334
3646,2025-03-28,38.96000000000981,38.95698839816904,-0.003011601840775313
3647,2025-03-29,38.96,38.96723138508823,0.0072313850882324004
3648,2025-03-30,38.94999999999019,38.96927194208952,0.01927194209932992
3649,2025-03-31,38.93999999999019,38.95330724529354,0.013307245303344928
3650,2025-04-01,38.94,38.95423449790643,0.014234497906429056
3651,2025-04-02,38.95000000000981,38.94847790636818,-0.0015220936416255881
3652,2025-04-03,38.97000000001962,38.956049568549844,-0.01395043146977315
3653,2025-04-04,38.99000000001961,38.97099980521362,-0.019000194805990134
3654,2025-04-05,38.99,38.9857584081414,-0.004241591858601623
3655,2025-04-06,38.96999999998039,38.982569300748175,0.012569300767786729
3656,2025-04-07,38.95999999999019,38.964989325395564,0.004989325405375666
3657,2025-04-08,38.97000000000981,38.96108234793335,-0.008917652076462446
3658,2025-04-09,38.98000000000981,38.97345173628234,-0.006548263727466974
3659,2025-04-10,38.969999999990186,38.97807033800675,0.00807033801656587
3660,2025-04-11,38.949999999980385,38.96752101578628,0.017521015805897378
3661,2025-04-12,38.95,38.95088974825399,0.0008897482539893531
3662,2025-04-13,38.96000000000981,38.95676797124374,-0.0032320287660709823
3663,2025-04-14,38.96,38.96287785823381,0.0028778582338091496
3664,2025-04-15,38.94999999999019,38.957411295392276,0.007411295402086182
3665,2025-04-16,38.92999999998039,38.95016923865928,0.0201692386788892
3666,2025-04-17,38.93,38.93427789046134,0.004277890461338529
3667,2025-04-18,38.959999999188014,38.9391376927927,-0.0208623063953155
3668,2025-04-19,38.96,38.962465386962435,0.0024653869624344793
3669,2025-04-20,38.94999999999019,38.95509742354326,0.005097423553067415
3670,2025-04-21,38.95,38.94800676076005,-0.0019932392399510945
3671,2025-04-22,38.93999999999019,38.951845746085766,0.011845746095573872
3672,2025-04-23,38.92999999999019,38.94131991951162,0.011319919521433519
3673,2025-04-24,38.94000000000981,38.93501826079364,-0.004981739216169956
3674,2025-04-25,38.919999999980384,38.945020647043926,0.0250206470635419
3675,2025-04-26,38.92,38.922717003424275,0.0027170034242729457
3676,2025-04-27,38.93000000000981,38.92896786177793,-0.0010321382318849714
3677,2025-04-28,38.959999999188014,38.94054743830419,-0.019452560883820524
3678,2025-04-29,38.94999999999019,38.966566728559116,0.01656672856892527
3679,2025-04-30,38.93999999999019,38.94174266528034,0.0017426652901448847
3680,2025-05-01,38.94,38.94204186287591,0.002041862875913125
3681,2025-05-02,38.94,38.93936291660977,-0.0006370833902309414
3682,2025-05-03,38.919999999980384,38.93982415624032,0.019824156259936387
3683,2025-05-04,38.92,38.93281825667836,0.012818256678357898
3684,2025-05-05,38.93000000000981,38.93722817173773,0.007228171727916788
3685,2025-05-06,38.94000000000981,38.93203345714941,-0.00796654286040166
3686,2025-05-07,38.94,38.939969010720006,-3.098927999189982e-05
3687,2025-05-08,38.95000000000981,38.93701410083465,-0.012985899175156135
3688,2025-05-09,38.95,38.94848700793432,-0.0015129920656846707
3689,2025-05-10,38.92999999998039,38.94743890555339,0.01743890557300176
3690,2025-05-11,38.909999999980386,38.93232793692652,0.022327936946133775
3691,2025-05-12,38.899999999990186,38.916568125306455,0.016568125316268834
3692,2025-05-13,38.914999999594,38.91177257756994,-0.0032274220240608997
3693,2025-05-14,38.929999999594,38.92634258469209,-0.0036574149019159563
3694,2025-05-15,38.93,38.92938566003193,-0.0006143399680667017
3695,2025-05-16,38.91999999999019,38.92737845331851,0.007378453328321655
3696,2025-05-17,38.89000000081199,38.9222823188216,0.032282318009613675
3697,2025-05-18,38.919999999188015,38.898451798972594,-0.021548200215420366
3698,2025-05-19,38.93000000000981,38.929049142376556,-0.0009508576332564189
3699,2025-05-20,38.93,38.92798648436392,-0.0020135156360794326
3700,2025-05-21,38.91999999999019,38.92800268831597,0.008002688325781548
3701,2025-05-22,38.90999999999019,38.92010149809577,0.010101498105576923
3702,2025-05-23,38.91,38.914791016731584,0.004791016731587661
3703,2025-05-24,38.92000000000981,38.916417062873805,-0.0035829371360023288
3704,2025-05-25,38.92,38.92494592274369,0.004945922743686992
3705,2025-05-26,38.92,38.921189264735695,0.0011892647356930297
3706,2025-05-27,38.92,38.92357781544859,0.0035778154485868185
3707,2025-05-28,38.92,38.92240333267518,0.002403332675179115
3708,2025-05-29,38.92,38.92133156299945,0.0013315629994465894
3709,2025-05-30,38.93000000000981,38.92287472649066,-0.00712527351915071
3710,2025-05-31,38.909999999980386,38.93012068738492,0.02012068740453543
3711,2025-06-01,38.899999999990186,38.90861047198565,0.0086104719954605
3712,2025-06-02,38.91000000000981,38.90490283224662,-0.005097167763189248
3713,2025-06-03,38.91,38.916934086574,0.00693408657400596
3714,2025-06-04,38.899999999990186,38.91119170147082,0.011191701480633753
3715,2025-06-05,38.91000000000981,38.90244835001046,-0.007551649999349763
3716,2025-06-06,38.91,38.91519067158393,0.0051906715839322715
3717,2025-06-07,38.92000000000981,38.91182233962932,-0.008177660380489726
3718,2025-06-08,38.90999999999019,38.920918507786716,0.010918507796525034
3719,2025-06-09,38.91,38.90943996826131,-0.0005600317386864617
3720,2025-06-10,38.899999999990186,38.911910043582914,0.011910043592727959
3721,2025-06-11,38.9,38.90081051229154,0.0008105122915438301
3722,2025-06-12,38.88999999999019,38.90460529140514,0.014605291414952148
3723,2025-06-13,38.90000000000981,38.89506163737149,-0.0049383626383203705
3724,2025-06-14,38.91000000000981,38.906946992182924,-0.0030530078268853345
3725,2025-06-15,38.91,38.91289690279974,0.0028969027997405306
3726,2025-06-16,38.899999999990186,38.91053608509441,0.01053608510422066
3727,2025-06-17,38.9,38.90082908229994,0.0008290822999441616
3728,2025-06-18,38.9,38.90364584545853,0.0036458454585286404
3729,2025-06-19,38.879999999980384,38.901243650375164,0.021243650394779934
3730,2025-06-20,38.86999999999019,38.884482323788106,0.01448232379791392
3731,2025-06-21,38.89000000001961,38.88144660366439,-0.008553396355218013
3732,2025-06-22,38.90000000000981,38.90098932541126,0.000989325401448582
3733,2025-06-23,38.9,38.899104503205116,-0.0008954967948824333
3734,2025-06-24,38.9,38.89835965655,-0.0016403434499991931
3735,2025-06-25,38.9,38.901570588541226,0.0015705885412273801
3736,2025-06-26,38.88999999999019,38.899984003035804,0.009984003045616419
3737,2025-06-27,38.89,38.891736466592725,0.0017364665927246392
3738,2025-06-28,38.90000000000981,38.89601352237132,-0.003986477638491692
3739,2025-06-29,38.88999999999019,38.902949903471665,0.012949903481477065
3740,2025-06-30,38.89,38.890479324984454,0.0004793249844539105
3741,2025-07-01,38.87999999999019,38.89380234847452,0.013802348484333038
3742,2025-07-02,38.89000000000981,38.883641461691255,-0.00635853831855826
3743,2025-07-03,38.87999999999019,38.89592962497495,0.01592962498475714
3744,2025-07-04,38.88,38.88269213795584,0.0026921379558402236
3745,2025-07-05,38.90000000001962,38.88599528892854,-0.014004711091075706
3746,2025-07-06,38.88999999999019,38.901983408158024,0.011983408167836274
3747,2025-07-07,38.89,38.889626610729096,-0.0003733892709050224
3748,2025-07-08,38.89,38.89435301359185,0.004353013591845922
3749,2025-07-09,38.89,38.892336765042884,0.002336765042883826
3750,2025-07-10,38.89,38.89185295532147,0.0018529553214676753
3751,2025-07-11,38.87999999999019,38.892132096120186,0.012132096129995773
3752,2025-07-12,38.88,38.8824915347459,0.002491534745900026
3753,2025-07-13,38.89000000000981,38.88432942875562,-0.00567057125419268
3754,2025-07-14,38.86999999998039,38.89278159709918,0.022781597118793684
3755,2025-07-15,38.87,38.87172608017751,0.0017260801775123014
3756,2025-07-16,38.87,38.87867736188934,0.008677361889340318
3757,2025-07-17,38.87,38.8773270202108,0.007327020210802004
3758,2025-07-18,38.88000000000981,38.87724469625873,-0.002755303751079907
3759,2025-07-19,38.88,38.88511673316444,0.005116733164435061
3760,2025-07-20,38.86999999999019,38.88244858224074,0.012448582250549123
3761,2025-07-21,38.85999999999019,38.873448969712896,0.013448969722709592
3762,2025-07-22,38.87000000000981,38.86885422039438,-0.0011457796154275002
3763,2025-07-23,38.87,38.87970252732287,0.009702527322872356
3764,2025-07-24,38.88000000000981,38.87567964253922,-0.004320357470589897
3765,2025-07-25,38.85999999998039,38.88428081858229,0.0242808186019019
3766,2025-07-26,38.86,38.86303003301585,0.003030033015853917
3767,2025-07-27,38.87000000000981,38.86919842269422,-0.0008015773155918282
3768,2025-07-28,38.87,38.87653305516825,0.006533055168254975
3769,2025-07-29,38.87,38.873322151785096,0.0033221517850989812
3770,2025-07-30,38.85999999999019,38.87342487161409,0.013424871623904266
3771,2025-07-31,38.87000000000981,38.86385067088425,-0.006149329125562986
3772,2025-08-01,38.87,38.87629927331892,0.006299273318923326
3773,2025-08-02,38.87,38.87240463013566,0.0024046301356648314
3774,2025-08-03,38.85999999999019,38.873261677673455,0.013261677683267692
3775,2025-08-04,38.84999999999019,38.863338111727074,0.013338111736885594
3776,2025-08-05,38.86000000000981,38.85807196446996,-0.0019280355398549887
3777,2025-08-06,38.87000000000981,38.86719918922047,-0.0028008107893384704
3778,2025-08-07,38.85999999999019,38.87364797760177,0.013647977611583428
3779,2025-08-08,38.86,38.862478893341,0.0024788933409993774
3780,2025-08-09,38.86,38.865586911978,0.0055869119779998755
3781,2025-08-10,38.87000000000981,38.864005420393326,-0.005994579616483975
3782,2025-08-11,38.85999999999019,38.87341060459721,0.013410604607024368
3783,2025-08-12,38.84999999999019,38.86221291562391,0.012212915633718069
3784,2025-08-13,38.85,38.854957591473934,0.004957591473932155
3785,2025-08-14,38.83999999999019,38.85658528678772,0.01658528679752891
3786,2025-08-15,38.850000000009814,38.845822400215056,-0.00417759979475818
3787,2025-08-16,38.85,38.85804871115087,0.008048711150870247
3788,2025-08-17,38.85,38.85481868410886,0.004818684108855109
3789,2025-08-18,38.85,38.85517756740129,0.005177567401290162
3790,2025-08-19,38.86000000000981,38.85481039113184,-0.005189608877969931
3791,2025-08-20,38.84999999999019,38.86308231512016,0.013082315129970823
3792,2025-08-21,38.85,38.85181499745019,0.0018149974501895372
3793,2025-08-22,38.85,38.85389101500581,0.003891015005805798
3794,2025-08-23,38.85,38.85349047498587,0.003490474985866854
3795,2025-08-24,38.83999999999019,38.85321651729779,0.013216517307597542
3796,2025-08-25,38.82999999999019,38.8503001197854,0.02030011979520907
3797,2025-08-26,38.84000000000981,38.83451905319484,-0.005480946814969911
3798,2025-08-27,38.850000000009814,38.848396928678625,-0.0016030713311891986
3799,2025-08-28,38.85,38.85060034556935,0.0006003455693459614
3800,2025-08-29,38.83999999999019,38.84904441277829,0.009044412788099976
3801,2025-08-30,38.84,38.84335595643656,0.0033559564365575056
3802,2025-08-31,38.84,38.84312666100702,0.003126661007016196
3803,2025-09-01,38.84,38.841716965980375,0.0017169659803712989
3804,2025-09-02,38.84,38.84097935885186,0.0009793588518576257
3805,2025-09-03,38.84,38.84131793040878,0.0013179304087742594
3806,2025-09-04,38.81999999998039,38.84108397017967,0.021083970199278212
3807,2025-09-05,38.83000000000981,38.82042917165772,-0.009570828352089222
3808,2025-09-06,38.83,38.83673314343278,0.00673314343278264
3809,2025-09-07,38.84000000000981,38.832303317150995,-0.007696682858814086
3810,2025-09-08,38.82999999999019,38.84111287106995,0.011112871079760112
3811,2025-09-09,38.809999999980384,38.82976936503927,0.019769365058884603
3812,2025-09-10,38.82000000000981,38.81535741124343,-0.004642588766380129
3813,2025-09-11,38.83000000000981,38.8299601615781,-3.9838431710848e-05
3814,2025-09-12,38.83,38.833024244087085,0.0030242440870864584
3815,2025-09-13,38.83,38.8311584252274,0.001158425227401949
3816,2025-09-14,38.81999999999019,38.831609803485115,0.011609803494927462
3817,2025-09-15,38.83000000000981,38.822644860582386,-0.007355139427424717
3818,2025-09-16,38.84000000000981,38.834330159103025,-0.005669840906783463
3819,2025-09-17,38.82999999999019,38.83979802696797,0.00979802697777643
3820,2025-09-18,38.81999999999019,38.82894813818103,0.008948138190845611
3821,2025-09-19,38.82,38.822568224589396,0.0025682245893960953
3822,2025-09-20,38.82,38.8266177889302,0.006617788930199708
3823,2025-09-21,38.82,38.82182618489159,0.0018261848915912537
3824,2025-09-22,38.83000000000981,38.83072657535852,0.0007265753487075699
3825,2025-09-23,38.800000000811984,38.83200928668899,0.03200928587700247
3826,2025-09-24,38.77000000081198,38.79948849765889,0.02948849684690913
3827,2025-09-25,38.75999999999019,38.77316743256693,0.01316743257673636
3828,2025-09-26,38.76,38.76725050538143,0.007250505381435346
3829,2025-09-27,38.76,38.76404599674517,0.004045996745169589
3830,2025-09-28,38.76,38.768247533928644,0.008247533928646078
3831,2025-09-29,38.76,38.76667327513927,0.006673275139270629
3832,2025-09-30,38.739999999980384,38.76284667879423,0.022846678813849053
3833,2025-10-01,38.760000000019616,38.749212178131344,-0.010787821888271765
3834,2025-10-02,38.74999999999019,38.76284621433367,0.012846214343483098
3835,2025-10-03,38.73999999999019,38.748348230147,0.00834823015681252
3836,2025-10-04,38.74,38.75232545728908,0.012325457289080077
3837,2025-10-05,38.75000000000981,38.751177344432456,0.0011773444226435004
3838,2025-10-06,38.76000000000981,38.7494326984438,-0.010567301566013043
3839,2025-10-07,38.76,38.75794865607041,-0.002051343929586835
3840,2025-10-08,38.74999999999019,38.7562530216194,0.006253021629213151
3841,2025-10-09,38.75,38.74962504233328,-0.000374957666721798
3842,2025-10-10,38.73999999999019,38.755118193859246,0.015118193869056995
3843,2025-10-11,38.72999999999019,38.74390495555403,0.013904955563837973
3844,2025-10-12,38.74000000000981,38.74199114665298,0.0019911466431707936
3845,2025-10-13,38.71999999998039,38.74404275898385,0.024042759003464198
3846,2025-10-14,38.74000000001961,38.72416147241138,-0.015838527608231345
3847,2025-10-15,38.75000000000981,38.75572573941855,0.0057257394087386615
3848,2025-10-16,38.76000000000981,38.7503640260152,-0.009635973994612357
3849,2025-10-17,38.76,38.75879979351581,-0.0012002064841851734
3850,2025-10-18,38.76,38.756535541537005,-0.0034644584629930364
3851,2025-10-19,38.74999999999019,38.758332408196935,0.008332408206747743
3852,2025-10-20,38.770000000019614,38.74979967613953,-0.02020032388008275
3853,2025-10-21,38.75999999999019,38.7717354535302,0.01173545354000538
3854,2025-10-22,38.74999999999019,38.75622789362978,0.006227893639589865
3855,2025-10-23,38.76000000000981,38.75151059740126,-0.008489402608553576
3856,2025-10-24,38.74999999999019,38.76302481624865,0.013024816258464966
3857,2025-10-25,38.729999999980386,38.74881298015703,0.018812980176640792
3858,2025-10-26,38.73,38.73548192369669,0.0054819236966920926
3859,2025-10-27,38.77000000003923,38.74470212891821,-0.025297871121019
3860,2025-10-28,38.77,38.772938234741424,0.0029382347414212973
3861,2025-10-29,38.75999999999019,38.7644614390398,0.004461439049606497
3862,2025-10-30,38.74999999999019,38.756551895260756,0.006551895270568764
3863,2025-10-31,38.75,38.75018396003974,0.00018396003974174846
3864,2025-11-01,38.75,38.75190098996758,0.0019009899675808128
3865,2025-11-02,38.75,38.74925647941345,-0.000743520586553359
3866,2025-11-03,38.73999999999019,38.749496359831916,0.009496359841726587
3867,2025-11-04,38.74,38.74002169165458,2.169165458099087e-05
3868,2025-11-05,38.72999999999019,38.7435783421738,0.013578342183606651
3869,2025-11-06,38.75000000001961,38.73244910391746,-0.01755089610215066
3870,2025-11-07,38.73999999999019,38.752227263416536,0.012227263426346724
3871,2025-11-08,38.760000000019616,38.737552999617705,-0.022447000401911055
3872,2025-11-09,38.77000000000981,38.760298291382824,-0.009701708626984384
3873,2025-11-10,38.74999999998039,38.76638035449261,0.016380354512222084
3874,2025-11-11,38.73999999999019,38.74669585447588,0.006695854485691655
3875,2025-11-12,38.72999999999019,38.74192425338364,0.011924253393445383
3876,2025-11-13,38.719999999990186,38.73240520229723,0.01240520230704334
3877,2025-11-14,38.73000000000981,38.72432763486083,-0.005672365148981839
3878,2025-11-15,38.719999999990186,38.73771620114086,0.017716201150676625
3879,2025-11-16,38.70999999999019,38.72076430014829,0.010764300158101037
3880,2025-11-17,38.72000000000981,38.7186459569508,-0.0013540430590097685
3881,2025-11-18,38.73000000000981,38.7263115781582,-0.0036884218516064493
3882,2025-11-19,38.73,38.73117131905652,0.0011713190565245668
3883,2025-11-20,38.719999999990186,38.729984174684276,0.009984174694089631
3884,2025-11-21,38.74999999918801,38.72156094425322,-0.028439054934793262
3885,2025-11-22,38.73999999999019,38.752731506037094,0.012731506046904428
3886,2025-11-23,38.72999999999019,38.73520623184442,0.005206231854231191
3887,2025-11-24,38.74000000000981,38.72958168258371,-0.010418317426100998
3888,2025-11-25,38.74,38.73985143656712,-0.0001485634328801666
3889,2025-11-26,38.75000000000981,38.73553394915991,-0.014466050849904377
3890,2025-11-27,38.729999999980386,38.746058166950355,0.016058166969969534
3891,2025-11-28,38.719999999990186,38.725597361489456,0.005597361499269482
3892,2025-11-29,38.72,38.72297006375265,0.002970063752648855
3893,2025-11-30,38.72,38.72158573904287,0.001585739042873513
3894,2025-12-01,38.73000000000981,38.72265162218581,-0.007348377824001773
3895,2025-12-02,38.70999999998038,38.728188146072746,0.01818814609236341
3896,2025-12-03,38.730000000019615,38.70702142113702,-0.02297857888259358
3897,2025-12-04,38.73,38.73599994531397,0.0059999453139738534
3898,2025-12-05,38.719999999990186,38.72436233055997,0.0043623305697835235
3899,2025-12-06,38.72,38.717048969033485,-0.0029510309665141676
3900,2025-12-07,38.74000000001961,38.72296547972883,-0.017034520290785338
3901,2025-12-08,38.74,38.737451841453215,-0.002548158546787249
3902,2025-12-09,38.72999999999019,38.73440564655601,0.004405646565821542
3903,2025-12-10,38.73,38.7264106554959,-0.0035893445040997563
3904,2025-12-11,38.73,38.72904088893618,-0.0009591110638140776
3905,2025-12-12,38.719999999990186,38.72755210098748,0.007552100997294531
