totim,time_step,stress_period,STORAGE_IN,CONSTANT_HEAD_IN,WELLS_IN,RECHARGE_IN,TOTAL_IN,STORAGE_OUT,CONSTANT_HEAD_OUT,WELLS_OUT,RECHARGE_OUT,TOTAL_OUT,IN-OUT,PERCENT_DISCREPANCY,tslen,date,sub_period
31.0,5,0,0.0,47.0254,0.0,14.685,61.7105,0.0,0.0,61.7105,0.0,61.7105,0.0,0.0,5.1667,2015-01-04,2015-2021 (baseline decline)
59.0,4,1,103.7301,0.0,0.0,66.508,170.2381,0.0,108.545,61.7105,0.0,170.2554,-0.01738,-0.01,5.6,2015-02-01,2015-2021 (baseline decline)
90.0,5,2,170.3979,0.0,0.0,19.9367,190.3346,0.0,128.5056,61.7105,0.0,190.216,0.1185,0.06,5.1667,2015-03-01,2015-2021 (baseline decline)
120.0,5,3,170.8929,0.0,0.0,88.8142,259.7071,0.0,196.9399,61.7105,0.0,258.6503,1.0567,0.41,5.0,2015-04-01,2015-2021 (baseline decline)
151.0,5,4,116.7286,0.0,0.0,267.6566,384.3853,0.0,321.7701,61.7105,0.0,383.4806,0.9047,0.24,5.1667,2015-05-01,2015-2021 (baseline decline)
181.0,5,5,275.7582,0.0,0.0,28.3432,304.1014,0.0,241.0885,61.7105,0.0,302.799,1.3025,0.43,5.0,2015-06-01,2015-2021 (baseline decline)
212.0,5,6,235.868,0.0,0.0,40.8383,276.7063,0.0,212.5099,61.7105,0.0,274.2203,2.486,0.9,5.1667,2015-07-01,2015-2021 (baseline decline)
243.0,5,7,203.4275,0.0,0.0,94.4607,297.8882,0.0,234.7786,61.7105,0.0,296.489,1.3992,0.47,5.1667,2015-08-01,2015-2021 (baseline decline)
273.0,5,8,232.077,0.0,0.0,54.0992,286.1761,0.0,224.8301,61.7105,0.0,286.5406,-0.3644,-0.13,5.0,2015-09-01,2015-2021 (baseline decline)
304.0,5,9,206.5702,0.0,0.0,87.4165,293.9867,0.0,231.905,61.7105,0.0,293.6154,0.3712,0.13,5.1667,2015-10-01,2015-2021 (baseline decline)
334.0,5,10,227.3345,0.0,0.0,64.8596,292.1942,0.0,229.3145,61.7105,0.0,291.0249,1.1692,0.4,5.0,2015-11-01,2015-2021 (baseline decline)
365.0,5,11,170.4945,0.0,0.0,179.6293,350.1238,0.0,286.86,61.7105,0.0,348.5705,1.5533,0.44,5.1667,2015-12-01,2015-2021 (baseline decline)
396.0,5,12,223.6046,0.0,0.0,110.1174,333.7219,0.0,270.5486,61.7105,0.0,332.259,1.4629,0.44,5.1667,2016-01-01,2015-2021 (baseline decline)
425.0,4,13,271.8579,0.0,0.0,21.4773,293.3353,0.0,232.412,61.7105,0.0,294.1224,-0.7872,-0.27,5.8,2016-02-01,2015-2021 (baseline decline)
456.0,5,14,212.7204,0.0,0.0,77.6621,290.3825,0.0,225.8793,61.7105,0.0,287.5897,2.7928,0.97,5.1667,2016-03-01,2015-2021 (baseline decline)
486.0,5,15,209.1236,0.0,0.0,101.6735,310.7972,0.0,248.0294,61.7105,0.0,309.7399,1.0573,0.34,5.0,2016-04-01,2015-2021 (baseline decline)
517.0,5,16,216.2228,0.0,0.0,84.2275,300.4503,0.0,238.5501,61.7105,0.0,300.2605,0.1898,0.06,5.1667,2016-05-01,2015-2021 (baseline decline)
547.0,5,17,234.6056,0.0,0.0,55.0049,289.6105,0.0,227.4812,61.7105,0.0,289.1917,0.4188,0.14,5.0,2016-06-01,2015-2021 (baseline decline)
578.0,5,18,234.8641,0.0,0.0,25.1718,260.0359,0.0,195.8355,61.7105,0.0,257.5459,2.4899,0.96,5.1667,2016-07-01,2015-2021 (baseline decline)
609.0,5,19,231.7807,0.0,0.0,9.8446,241.6252,0.0,177.7623,61.7105,0.0,239.4728,2.1524,0.89,5.1667,2016-08-01,2015-2021 (baseline decline)
639.0,5,20,200.5536,0.0,0.0,75.3401,275.8937,0.0,214.6287,61.7105,0.0,276.3392,-0.4454,-0.16,5.0,2016-09-01,2015-2021 (baseline decline)
670.0,5,21,217.0313,0.0,0.0,47.502,264.5333,0.0,202.9065,61.7105,0.0,264.6169,-0.083588,-0.03,5.1667,2016-10-01,2015-2021 (baseline decline)
700.0,5,22,212.809,0.0,0.0,69.1035,281.9125,0.0,220.8036,61.7105,0.0,282.514,-0.6015,-0.21,5.0,2016-11-01,2015-2021 (baseline decline)
731.0,5,23,212.7564,0.0,0.0,66.4104,279.1667,0.0,216.8682,61.7105,0.0,278.5787,0.588,0.21,5.1667,2016-12-01,2015-2021 (baseline decline)
762.0,5,24,146.3454,0.0,0.0,232.6529,378.9983,0.0,315.1323,61.7105,0.0,376.8428,2.1555,0.57,5.1667,2017-01-01,2015-2021 (baseline decline)
790.0,4,25,250.5714,0.0,0.0,118.1949,368.7662,0.0,307.0369,61.7105,0.0,368.7473,0.018921,0.01,5.6,2017-02-01,2015-2021 (baseline decline)
821.0,5,26,203.1396,0.0,0.0,160.747,363.8865,0.0,301.373,61.7105,0.0,363.0834,0.8031,0.22,5.1667,2017-03-01,2015-2021 (baseline decline)
851.0,5,27,246.6046,0.0,0.0,88.2332,334.8379,0.0,272.6821,61.7105,0.0,334.3925,0.4453,0.13,5.0,2017-04-01,2015-2021 (baseline decline)
882.0,5,28,254.1521,0.0,0.0,24.7211,278.8731,0.0,215.2834,61.7105,0.0,276.9939,1.8793,0.68,5.1667,2017-05-01,2015-2021 (baseline decline)
912.0,5,29,242.8234,0.0,0.0,18.2997,261.1231,0.0,198.8072,61.7105,0.0,260.5176,0.6055,0.23,5.0,2017-06-01,2015-2021 (baseline decline)
943.0,5,30,216.4438,0.0,0.0,40.213,256.6568,0.0,193.2674,61.7105,0.0,254.9779,1.6789,0.66,5.1667,2017-07-01,2015-2021 (baseline decline)
974.0,5,31,230.8877,0.0,0.0,6.9259,237.8137,0.0,174.0433,61.7105,0.0,235.7538,2.0599,0.87,5.1667,2017-08-01,2015-2021 (baseline decline)
1004.0,5,32,189.9163,0.0,0.0,96.8391,286.7554,0.0,225.2587,61.7105,0.0,286.9692,-0.2137,-0.07,5.0,2017-09-01,2015-2021 (baseline decline)
1035.0,5,33,237.3667,0.0,0.0,8.6372,246.004,0.0,183.5478,61.7105,0.0,245.2582,0.7457,0.3,5.1667,2017-10-01,2015-2021 (baseline decline)
1065.0,5,34,219.9082,0.0,0.0,37.2021,257.1103,0.0,194.4272,61.7105,0.0,256.1377,0.9726,0.38,5.0,2017-11-01,2015-2021 (baseline decline)
1096.0,5,35,226.6714,0.0,0.0,9.8595,236.5309,0.0,172.7297,61.7105,0.0,234.4402,2.0907,0.89,5.1667,2017-12-01,2015-2021 (baseline decline)
1127.0,5,36,210.1906,0.0,0.0,36.1279,246.3185,0.0,183.6238,61.7105,0.0,245.3343,0.9842,0.4,5.1667,2018-01-01,2015-2021 (baseline decline)
1155.0,4,37,221.0116,0.0,0.0,60.1525,281.1641,0.0,219.9421,61.7105,0.0,281.6526,-0.4884,-0.17,5.6,2018-02-01,2015-2021 (baseline decline)
1186.0,5,38,198.1528,0.0,0.0,81.7623,279.915,0.0,217.5214,61.7105,0.0,279.2319,0.6832,0.24,5.1667,2018-03-01,2015-2021 (baseline decline)
1216.0,5,39,217.0175,0.0,0.0,74.0612,291.0788,0.0,228.0496,61.7105,0.0,289.76,1.3187,0.45,5.0,2018-04-01,2015-2021 (baseline decline)
1247.0,5,40,194.5292,0.0,0.0,117.6,312.1292,0.0,250.2218,61.7105,0.0,311.9322,0.197,0.06,5.1667,2018-05-01,2015-2021 (baseline decline)
1277.0,5,41,256.7444,0.0,0.0,12.9221,269.6665,0.0,206.5535,61.7105,0.0,268.2639,1.4026,0.52,5.0,2018-06-01,2015-2021 (baseline decline)
1308.0,5,42,229.4603,0.0,0.0,16.8602,246.3205,0.0,184.8541,61.7105,0.0,246.5646,-0.2441,-0.1,5.1667,2018-07-01,2015-2021 (baseline decline)
1339.0,5,43,230.7946,0.0,0.0,0.5843,231.3789,0.0,167.9548,61.7105,0.0,229.6653,1.7136,0.74,5.1667,2018-08-01,2015-2021 (baseline decline)
1369.0,5,44,228.6628,0.0,0.0,0.5843,229.2471,0.0,166.5361,61.7105,0.0,228.2466,1.0006,0.44,5.0,2018-09-01,2015-2021 (baseline decline)
1400.0,5,45,141.3523,0.0,0.0,185.5782,326.9305,0.0,264.3201,61.7105,0.0,326.0305,0.9,0.28,5.1667,2018-10-01,2015-2021 (baseline decline)
1430.0,5,46,241.2838,0.0,0.0,53.9225,295.2062,0.0,234.2127,61.7105,0.0,295.9232,-0.7169,-0.24,5.0,2018-11-01,2015-2021 (baseline decline)
1461.0,5,47,225.0417,0.0,0.0,54.5005,279.5422,0.0,216.714,61.7105,0.0,278.4244,1.1178,0.4,5.1667,2018-12-01,2015-2021 (baseline decline)
1492.0,5,48,213.5208,0.0,0.0,73.7991,287.3199,0.0,223.2926,61.7105,0.0,285.0031,2.3167,0.81,5.1667,2019-01-01,2015-2021 (baseline decline)
1520.0,4,49,188.4639,0.0,0.0,174.1039,362.5677,0.0,300.0634,61.7105,0.0,361.7739,0.7939,0.22,5.6,2019-02-01,2015-2021 (baseline decline)
1551.0,5,50,198.2802,0.0,0.0,158.2591,356.5393,0.0,293.4144,61.7105,0.0,355.1248,1.4145,0.4,5.1667,2019-03-01,2015-2021 (baseline decline)
1581.0,5,51,228.641,0.0,0.0,122.4171,351.0581,0.0,288.3811,61.7105,0.0,350.0916,0.9666,0.28,5.0,2019-04-01,2015-2021 (baseline decline)
1612.0,5,52,156.9278,0.0,0.0,271.1164,428.0442,0.0,364.9956,61.7105,0.0,426.7061,1.3381,0.31,5.1667,2019-05-01,2015-2021 (baseline decline)
1642.0,5,53,286.3879,0.0,0.0,51.8818,338.2697,0.0,276.1154,61.7105,0.0,337.8259,0.4438,0.13,5.0,2019-06-01,2015-2021 (baseline decline)
1673.0,5,54,259.0863,0.0,0.0,22.6014,281.6877,0.0,217.4394,61.7105,0.0,279.1499,2.5378,0.91,5.1667,2019-07-01,2015-2021 (baseline decline)
1704.0,5,55,228.5761,0.0,0.0,42.8368,271.413,0.0,207.8393,61.7105,0.0,269.5497,1.8632,0.69,5.1667,2019-08-01,2015-2021 (baseline decline)
1734.0,5,56,224.8301,0.0,0.0,48.513,273.3431,0.0,211.44,61.7105,0.0,273.1505,0.1926,0.07,5.0,2019-09-01,2015-2021 (baseline decline)
1765.0,5,57,236.3017,0.0,0.0,1.8474,238.1491,0.0,176.4416,61.7105,0.0,238.152,-0.0029449,-0.0,5.1667,2019-10-01,2015-2021 (baseline decline)
1795.0,5,58,214.3692,0.0,0.0,43.8684,258.2376,0.0,195.114,61.7105,0.0,256.8245,1.4131,0.55,5.0,2019-11-01,2015-2021 (baseline decline)
1826.0,5,59,198.2301,0.0,0.0,76.8865,275.1166,0.0,211.5091,61.7105,0.0,273.2195,1.8971,0.69,5.1667,2019-12-01,2015-2021 (baseline decline)
1857.0,5,60,217.2025,0.0,0.0,54.0993,271.3018,0.0,208.9563,61.7105,0.0,270.6667,0.6351,0.23,5.1667,2020-01-01,2015-2021 (baseline decline)
1886.0,4,61,251.0073,0.0,0.0,4.9606,255.9679,0.0,196.4972,61.7105,0.0,258.2077,-2.2398,-0.87,5.8,2020-02-01,2015-2021 (baseline decline)
1917.0,5,62,203.1567,0.0,0.0,59.8707,263.0274,0.0,200.9454,61.7105,0.0,262.6559,0.3716,0.14,5.1667,2020-03-01,2015-2021 (baseline decline)
1947.0,5,63,225.7408,0.0,0.0,36.7909,262.5316,0.0,200.1678,61.7105,0.0,261.8782,0.6534,0.25,5.0,2020-04-01,2015-2021 (baseline decline)
1978.0,5,64,212.5957,0.0,0.0,48.2889,260.8846,0.0,198.2516,61.7105,0.0,259.962,0.9226,0.35,5.1667,2020-05-01,2015-2021 (baseline decline)
2008.0,5,65,239.4753,0.0,0.0,2.5242,241.9994,0.0,180.5001,61.7105,0.0,242.2106,-0.2112,-0.09,5.0,2020-06-01,2015-2021 (baseline decline)
2039.0,5,66,223.3145,0.0,0.0,7.0806,230.3951,0.0,166.0567,61.7105,0.0,227.7671,2.628,1.15,5.1667,2020-07-01,2015-2021 (baseline decline)
2070.0,5,67,221.3727,0.0,0.0,2.5024,223.8751,0.0,161.1614,61.7105,0.0,222.8719,1.0032,0.45,5.1667,2020-08-01,2015-2021 (baseline decline)
2100.0,5,68,224.6104,0.0,0.0,1.7519,226.3622,0.0,165.1471,61.7105,0.0,226.8575,-0.4953,-0.22,5.0,2020-09-01,2015-2021 (baseline decline)
2131.0,5,69,218.2754,0.0,0.0,0.6176,218.893,0.0,155.1996,61.7105,0.0,216.91,1.983,0.91,5.1667,2020-10-01,2015-2021 (baseline decline)
2161.0,5,70,206.0218,0.0,0.0,40.3759,246.3976,0.0,183.2845,61.7105,0.0,244.9949,1.4027,0.57,5.0,2020-11-01,2015-2021 (baseline decline)
2192.0,5,71,170.385,0.0,0.0,129.5424,299.9274,0.0,238.2391,61.7105,0.0,299.9496,-0.022156,-0.01,5.1667,2020-12-01,2015-2021 (baseline decline)
2223.0,5,72,224.2779,0.0,0.0,60.2116,284.4896,0.0,222.1157,61.7105,0.0,283.8261,0.6634,0.23,5.1667,2021-01-01,2015-2021 (baseline decline)
2251.0,4,73,222.9024,0.0,0.0,96.1328,319.0351,0.0,258.0363,61.7105,0.0,319.7468,-0.7117,-0.22,5.6,2021-02-01,2015-2021 (baseline decline)
2282.0,5,74,214.5192,0.0,0.0,82.6304,297.1496,0.0,233.4569,61.7105,0.0,295.1674,1.9822,0.67,5.1667,2021-03-01,2015-2021 (baseline decline)
2312.0,5,75,240.373,0.0,0.0,37.6765,278.0495,0.0,214.9819,61.7105,0.0,276.6924,1.3571,0.49,5.0,2021-04-01,2015-2021 (baseline decline)
2343.0,5,76,194.0166,0.0,0.0,109.822,303.8387,0.0,240.836,61.7105,0.0,302.5465,1.2922,0.43,5.1667,2021-05-01,2015-2021 (baseline decline)
2373.0,5,77,256.3713,0.0,0.0,3.5807,259.952,0.0,197.3766,61.7105,0.0,259.087,0.865,0.33,5.0,2021-06-01,2015-2021 (baseline decline)
2404.0,5,78,215.7623,0.0,0.0,43.5361,259.2983,0.0,195.3768,61.7105,0.0,257.0872,2.2111,0.86,5.1667,2021-07-01,2015-2021 (baseline decline)
2435.0,5,79,234.4742,0.0,0.0,0.5843,235.0585,0.0,171.4593,61.7105,0.0,233.1697,1.8888,0.81,5.1667,2021-08-01,2015-2021 (baseline decline)
2465.0,5,80,230.6136,0.0,0.0,1.1953,231.8089,0.0,168.4488,61.7105,0.0,230.1593,1.6496,0.71,5.0,2021-09-01,2015-2021 (baseline decline)
2496.0,5,81,194.5734,0.0,0.0,60.692,255.2654,0.0,192.3145,61.7105,0.0,254.0249,1.2405,0.49,5.1667,2021-10-01,2015-2021 (baseline decline)
2526.0,5,82,227.0322,0.0,0.0,25.0918,252.124,0.0,189.1818,61.7105,0.0,250.8923,1.2317,0.49,5.0,2021-11-01,2015-2021 (baseline decline)
2557.0,5,83,162.5517,0.0,0.0,157.3628,319.9146,0.0,257.7531,61.7105,0.0,319.4635,0.451,0.14,5.1667,2021-12-01,2015-2021 (baseline decline)
2588.0,5,84,254.8313,0.0,0.0,6.763,261.5943,0.0,197.7515,61.7105,0.0,259.4619,2.1324,0.82,5.1667,2022-01-01,2022-2023 (extreme drawdown)
2616.0,4,85,241.5597,0.0,0.0,37.4751,279.0348,0.0,215.8127,61.7105,0.0,277.5231,1.5117,0.54,5.6,2022-02-01,2022-2023 (extreme drawdown)
2647.0,5,86,209.0025,0.0,0.0,53.3979,262.4004,0.0,200.8916,61.7105,0.0,262.6021,-0.2017,-0.08,5.1667,2022-03-01,2022-2023 (extreme drawdown)
2677.0,5,87,225.0399,0.0,0.0,38.6113,263.6512,0.0,202.5476,61.7105,0.0,264.258,-0.6068,-0.23,5.0,2022-04-01,2022-2023 (extreme drawdown)
2708.0,5,88,224.9327,0.0,0.0,21.6777,246.6104,0.0,183.3155,61.7105,0.0,245.026,1.5844,0.64,5.1667,2022-05-01,2022-2023 (extreme drawdown)
2738.0,5,89,233.6789,0.0,0.0,4.2252,237.9041,0.0,174.7542,61.7105,0.0,236.4647,1.4393,0.61,5.0,2022-06-01,2022-2023 (extreme drawdown)
2769.0,5,90,220.6406,0.0,0.0,5.699,226.3396,0.0,163.5561,61.7105,0.0,225.2665,1.0731,0.48,5.1667,2022-07-01,2022-2023 (extreme drawdown)
2800.0,5,91,133.6422,0.0,0.0,210.4922,344.1344,0.0,280.8365,61.7105,0.0,342.547,1.5874,0.46,5.1667,2022-08-01,2022-2023 (extreme drawdown)
2830.0,5,92,216.4694,0.0,0.0,129.2983,345.7677,0.0,282.553,61.7105,0.0,344.2635,1.5042,0.44,5.0,2022-09-01,2022-2023 (extreme drawdown)
2861.0,5,93,266.7556,0.0,0.0,1.438,268.1936,0.0,203.9959,61.7105,0.0,265.7063,2.4873,0.93,5.1667,2022-10-01,2022-2023 (extreme drawdown)
2891.0,5,94,205.9119,0.0,0.0,94.8682,300.7801,0.0,238.2622,61.7105,0.0,299.9726,0.8075,0.27,5.0,2022-11-01,2022-2023 (extreme drawdown)
2922.0,5,95,166.4461,0.0,0.0,195.511,361.9572,0.0,298.4701,61.7105,0.0,360.1805,1.7766,0.49,5.1667,2022-12-01,2022-2023 (extreme drawdown)
2953.0,5,96,222.2155,0.0,0.0,123.9405,346.1561,0.0,284.2862,61.7105,0.0,345.9966,0.1595,0.05,5.1667,2023-01-01,2022-2023 (extreme drawdown)
2981.0,4,97,278.3342,0.0,0.0,37.9217,316.2559,0.0,253.0217,61.7105,0.0,314.7321,1.5237,0.48,5.6,2023-02-01,2022-2023 (extreme drawdown)
3012.0,5,98,180.8965,0.0,0.0,163.7922,344.6887,0.0,282.5176,61.7105,0.0,344.2281,0.4606,0.13,5.1667,2023-03-01,2022-2023 (extreme drawdown)
3042.0,5,99,271.2688,0.0,0.0,10.4054,281.6742,0.0,218.1732,61.7105,0.0,279.8837,1.7905,0.64,5.0,2023-04-01,2022-2023 (extreme drawdown)
3073.0,5,100,201.0223,0.0,0.0,100.2796,301.3018,0.0,238.6057,61.7105,0.0,300.3161,0.9857,0.33,5.1667,2023-05-01,2022-2023 (extreme drawdown)
3103.0,5,101,202.7644,0.0,0.0,127.8388,330.6032,0.0,268.7721,61.7105,0.0,330.4825,0.1207,0.04,5.0,2023-06-01,2022-2023 (extreme drawdown)
3134.0,5,102,251.6369,0.0,0.0,22.1698,273.8067,0.0,209.8065,61.7105,0.0,271.5169,2.2897,0.84,5.1667,2023-07-01,2022-2023 (extreme drawdown)
3165.0,5,103,197.9329,0.0,0.0,106.2462,304.1791,0.0,241.5347,61.7105,0.0,303.2452,0.9339,0.31,5.1667,2023-08-01,2022-2023 (extreme drawdown)
3195.0,5,104,214.4782,0.0,0.0,103.4566,317.9348,0.0,255.7645,61.7105,0.0,317.4749,0.4599,0.14,5.0,2023-09-01,2022-2023 (extreme drawdown)
3226.0,5,105,237.4877,0.0,0.0,42.323,279.8107,0.0,217.3986,61.7105,0.0,279.109,0.7017,0.25,5.1667,2023-10-01,2022-2023 (extreme drawdown)
3256.0,5,106,236.1238,0.0,0.0,34.4565,270.5803,0.0,207.4731,61.7105,0.0,269.1836,1.3967,0.52,5.0,2023-11-01,2022-2023 (extreme drawdown)
3287.0,5,107,223.7659,0.0,0.0,29.0097,252.7756,0.0,191.4541,61.7105,0.0,253.1645,-0.3889,-0.15,5.1667,2023-12-01,2022-2023 (extreme drawdown)
3318.0,5,108,174.8209,0.0,0.0,139.7758,314.5967,0.0,252.0173,61.7105,0.0,313.7277,0.869,0.28,5.1667,2024-01-01,2024-2025 (partial recovery)
3347.0,4,109,230.9459,0.0,0.0,87.285,318.2309,0.0,258.9309,61.7105,0.0,320.6413,-2.4104,-0.75,5.8,2024-02-01,2024-2025 (partial recovery)
3378.0,5,110,212.5726,0.0,0.0,98.8873,311.4599,0.0,247.241,61.7105,0.0,308.9514,2.5085,0.81,5.1667,2024-03-01,2024-2025 (partial recovery)
3408.0,5,111,243.256,0.0,0.0,43.0094,286.2655,0.0,224.2774,61.7105,0.0,285.9878,0.2776,0.1,5.0,2024-04-01,2024-2025 (partial recovery)
3439.0,5,112,244.3955,0.0,0.0,0.5843,244.9798,0.0,181.0988,61.7105,0.0,242.8093,2.1705,0.89,5.1667,2024-05-01,2024-2025 (partial recovery)
3469.0,5,113,233.6909,0.0,0.0,2.4735,236.1645,0.0,174.99,61.7105,0.0,236.7004,-0.5359,-0.23,5.0,2024-06-01,2024-2025 (partial recovery)
3500.0,5,114,208.9846,0.0,0.0,34.5225,243.5071,0.0,179.5502,61.7105,0.0,241.2607,2.2464,0.93,5.1667,2024-07-01,2024-2025 (partial recovery)
3531.0,5,115,218.731,0.0,0.0,22.0883,240.8193,0.0,176.9263,61.7105,0.0,238.6368,2.1825,0.91,5.1667,2024-08-01,2024-2025 (partial recovery)
3561.0,5,116,228.108,0.0,0.0,10.6639,238.7719,0.0,175.1313,61.7105,0.0,236.8418,1.9301,0.81,5.0,2024-09-01,2024-2025 (partial recovery)
3592.0,5,117,197.536,0.0,0.0,59.8798,257.4158,0.0,195.167,61.7105,0.0,256.8774,0.5384,0.21,5.1667,2024-10-01,2024-2025 (partial recovery)
3622.0,5,118,216.9594,0.0,0.0,52.5357,269.4951,0.0,206.3383,61.7105,0.0,268.0487,1.4464,0.54,5.0,2024-11-01,2024-2025 (partial recovery)
3653.0,5,119,202.0793,0.0,0.0,77.8096,279.8889,0.0,218.1583,61.7105,0.0,279.8688,0.020142,0.01,5.1667,2024-12-01,2024-2025 (partial recovery)
3684.0,5,120,234.6059,0.0,0.0,21.253,255.8589,0.0,192.448,61.7105,0.0,254.1585,1.7004,0.67,5.1667,2025-01-01,2024-2025 (partial recovery)
3712.0,4,121,232.3756,0.0,0.0,49.4782,281.8538,0.0,218.9199,61.7105,0.0,280.6304,1.2234,0.44,5.6,2025-02-01,2024-2025 (partial recovery)
3743.0,5,122,174.354,0.0,0.0,140.6832,315.0371,0.0,251.315,61.7105,0.0,313.0255,2.0117,0.64,5.1667,2025-03-01,2024-2025 (partial recovery)
3773.0,5,123,249.7788,0.0,0.0,28.705,278.4838,0.0,215.2539,61.7105,0.0,276.9643,1.5195,0.55,5.0,2025-04-01,2024-2025 (partial recovery)
3804.0,5,124,215.0846,0.0,0.0,59.6635,274.7481,0.0,213.15,61.7105,0.0,274.8604,-0.1123,-0.04,5.1667,2025-05-01,2024-2025 (partial recovery)
3834.0,5,125,247.6936,0.0,0.0,1.2627,248.9563,0.0,185.1884,61.7105,0.0,246.8988,2.0574,0.83,5.0,2025-06-01,2024-2025 (partial recovery)
3865.0,5,126,228.0537,0.0,0.0,0.5843,228.638,0.0,165.267,61.7105,0.0,226.9774,1.6606,0.73,5.1667,2025-07-01,2024-2025 (partial recovery)
3896.0,5,127,208.3421,0.0,0.0,32.1395,240.4815,0.0,178.9747,61.7105,0.0,240.6852,-0.2037,-0.08,5.1667,2025-08-01,2024-2025 (partial recovery)
3926.0,5,128,206.3305,0.0,0.0,60.3833,266.7137,0.0,205.2485,61.7105,0.0,266.9589,-0.2452,-0.09,5.0,2025-09-01,2024-2025 (partial recovery)
3957.0,5,129,206.4576,0.0,0.0,68.5156,274.9732,0.0,210.2761,61.7105,0.0,271.9865,2.9867,1.09,5.1667,2025-10-01,2024-2025 (partial recovery)
3987.0,5,130,242.5967,0.0,0.0,5.124,247.7207,0.0,186.773,61.7105,0.0,248.4835,-0.7628,-0.31,5.0,2025-11-01,2024-2025 (partial recovery)
4018.0,5,131,226.1285,0.0,0.0,5.6246,231.7532,0.0,169.0573,61.7105,0.0,230.7678,0.9854,0.43,5.1667,2025-12-01,2024-2025 (partial recovery)
